team,team_against,week,matchup_type,points_for,points_against,league_id
The Dark Knighton,A Game of Throws,1,REGULAR_SEASON,103,90,128504
A Game of Throws,The Dark Knighton,1,REGULAR_SEASON,90,103,128504
SB's Finest,EveryDayImRussellin,1,REGULAR_SEASON,79,56,128504
EveryDayImRussellin,SB's Finest,1,REGULAR_SEASON,56,79,128504
Jets,Los Pollos Hermanos,1,REGULAR_SEASON,82,100,128504
Los Pollos Hermanos,Jets,1,REGULAR_SEASON,100,82,128504
Martyr.,Bengal Ball,1,REGULAR_SEASON,87,78,128504
Bengal Ball,Martyr.,1,REGULAR_SEASON,78,87,128504
Akili Smith's Career,Domination,1,REGULAR_SEASON,79,93,128504
Domination,Akili Smith's Career,1,REGULAR_SEASON,93,79,128504
JayCutlersGayButlers,Con 2,1,REGULAR_SEASON,90,70,128504
Con 2,JayCutlersGayButlers,1,REGULAR_SEASON,70,90,128504
The Dark Knighton,SB's Finest,2,REGULAR_SEASON,79,119,128504
SB's Finest,The Dark Knighton,2,REGULAR_SEASON,119,79,128504
A Game of Throws,Con 2,2,REGULAR_SEASON,54,60,128504
Con 2,A Game of Throws,2,REGULAR_SEASON,60,54,128504
Jets,EveryDayImRussellin,2,REGULAR_SEASON,94,78,128504
EveryDayImRussellin,Jets,2,REGULAR_SEASON,78,94,128504
Martyr.,Los Pollos Hermanos,2,REGULAR_SEASON,81,102,128504
Los Pollos Hermanos,Martyr.,2,REGULAR_SEASON,102,81,128504
Akili Smith's Career,Bengal Ball,2,REGULAR_SEASON,42,89,128504
Bengal Ball,Akili Smith's Career,2,REGULAR_SEASON,89,42,128504
JayCutlersGayButlers,Domination,2,REGULAR_SEASON,69,89,128504
Domination,JayCutlersGayButlers,2,REGULAR_SEASON,89,69,128504
The Dark Knighton,Jets,3,REGULAR_SEASON,54,86,128504
Jets,The Dark Knighton,3,REGULAR_SEASON,86,54,128504
A Game of Throws,SB's Finest,3,REGULAR_SEASON,91,90,128504
SB's Finest,A Game of Throws,3,REGULAR_SEASON,90,91,128504
Martyr.,EveryDayImRussellin,3,REGULAR_SEASON,89,61,128504
EveryDayImRussellin,Martyr.,3,REGULAR_SEASON,61,89,128504
Akili Smith's Career,Los Pollos Hermanos,3,REGULAR_SEASON,79,77,128504
Los Pollos Hermanos,Akili Smith's Career,3,REGULAR_SEASON,77,79,128504
JayCutlersGayButlers,Bengal Ball,3,REGULAR_SEASON,114,69,128504
Bengal Ball,JayCutlersGayButlers,3,REGULAR_SEASON,69,114,128504
Domination,Con 2,3,REGULAR_SEASON,102,86,128504
Con 2,Domination,3,REGULAR_SEASON,86,102,128504
The Dark Knighton,Martyr.,4,REGULAR_SEASON,115,111,128504
Martyr.,The Dark Knighton,4,REGULAR_SEASON,111,115,128504
A Game of Throws,Jets,4,REGULAR_SEASON,60,83.2,128504
Jets,A Game of Throws,4,REGULAR_SEASON,83.2,60,128504
SB's Finest,Con 2,4,REGULAR_SEASON,109,102,128504
Con 2,SB's Finest,4,REGULAR_SEASON,102,109,128504
Akili Smith's Career,EveryDayImRussellin,4,REGULAR_SEASON,103,56,128504
EveryDayImRussellin,Akili Smith's Career,4,REGULAR_SEASON,56,103,128504
JayCutlersGayButlers,Los Pollos Hermanos,4,REGULAR_SEASON,77,96,128504
Los Pollos Hermanos,JayCutlersGayButlers,4,REGULAR_SEASON,96,77,128504
Domination,Bengal Ball,4,REGULAR_SEASON,84,106,128504
Bengal Ball,Domination,4,REGULAR_SEASON,106,84,128504
The Dark Knighton,Akili Smith's Career,5,REGULAR_SEASON,84,91,128504
Akili Smith's Career,The Dark Knighton,5,REGULAR_SEASON,91,84,128504
A Game of Throws,Martyr.,5,REGULAR_SEASON,93,106,128504
Martyr.,A Game of Throws,5,REGULAR_SEASON,106,93,128504
SB's Finest,Jets,5,REGULAR_SEASON,70,75,128504
Jets,SB's Finest,5,REGULAR_SEASON,75,70,128504
JayCutlersGayButlers,EveryDayImRussellin,5,REGULAR_SEASON,64,49,128504
EveryDayImRussellin,JayCutlersGayButlers,5,REGULAR_SEASON,49,64,128504
Domination,Los Pollos Hermanos,5,REGULAR_SEASON,85,77,128504
Los Pollos Hermanos,Domination,5,REGULAR_SEASON,77,85,128504
Bengal Ball,Con 2,5,REGULAR_SEASON,106,89,128504
Con 2,Bengal Ball,5,REGULAR_SEASON,89,106,128504
The Dark Knighton,JayCutlersGayButlers,6,REGULAR_SEASON,81,79,128504
JayCutlersGayButlers,The Dark Knighton,6,REGULAR_SEASON,79,81,128504
A Game of Throws,Akili Smith's Career,6,REGULAR_SEASON,90,49,128504
Akili Smith's Career,A Game of Throws,6,REGULAR_SEASON,49,90,128504
SB's Finest,Martyr.,6,REGULAR_SEASON,113,68,128504
Martyr.,SB's Finest,6,REGULAR_SEASON,68,113,128504
Jets,Con 2,6,REGULAR_SEASON,87,127,128504
Con 2,Jets,6,REGULAR_SEASON,127,87,128504
Domination,EveryDayImRussellin,6,REGULAR_SEASON,121,81.9,128504
EveryDayImRussellin,Domination,6,REGULAR_SEASON,81.9,121,128504
Bengal Ball,Los Pollos Hermanos,6,REGULAR_SEASON,56,79,128504
Los Pollos Hermanos,Bengal Ball,6,REGULAR_SEASON,79,56,128504
The Dark Knighton,Domination,7,REGULAR_SEASON,118,89,128504
Domination,The Dark Knighton,7,REGULAR_SEASON,89,118,128504
A Game of Throws,JayCutlersGayButlers,7,REGULAR_SEASON,58,56,128504
JayCutlersGayButlers,A Game of Throws,7,REGULAR_SEASON,56,58,128504
SB's Finest,Akili Smith's Career,7,REGULAR_SEASON,80,40,128504
Akili Smith's Career,SB's Finest,7,REGULAR_SEASON,40,80,128504
Jets,Martyr.,7,REGULAR_SEASON,85,75,128504
Martyr.,Jets,7,REGULAR_SEASON,75,85,128504
Bengal Ball,EveryDayImRussellin,7,REGULAR_SEASON,95,81,128504
EveryDayImRussellin,Bengal Ball,7,REGULAR_SEASON,81,95,128504
Los Pollos Hermanos,Con 2,7,REGULAR_SEASON,60,98,128504
Con 2,Los Pollos Hermanos,7,REGULAR_SEASON,98,60,128504
The Dark Knighton,Bengal Ball,8,REGULAR_SEASON,117,65,128504
Bengal Ball,The Dark Knighton,8,REGULAR_SEASON,65,117,128504
A Game of Throws,Domination,8,REGULAR_SEASON,55,58,128504
Domination,A Game of Throws,8,REGULAR_SEASON,58,55,128504
SB's Finest,JayCutlersGayButlers,8,REGULAR_SEASON,53,77,128504
JayCutlersGayButlers,SB's Finest,8,REGULAR_SEASON,77,53,128504
Jets,Akili Smith's Career,8,REGULAR_SEASON,65,52,128504
Akili Smith's Career,Jets,8,REGULAR_SEASON,52,65,128504
Martyr.,Con 2,8,REGULAR_SEASON,70,101,128504
Con 2,Martyr.,8,REGULAR_SEASON,101,70,128504
Los Pollos Hermanos,EveryDayImRussellin,8,REGULAR_SEASON,84,86,128504
EveryDayImRussellin,Los Pollos Hermanos,8,REGULAR_SEASON,86,84,128504
The Dark Knighton,Los Pollos Hermanos,9,REGULAR_SEASON,83,84,128504
Los Pollos Hermanos,The Dark Knighton,9,REGULAR_SEASON,84,83,128504
A Game of Throws,Bengal Ball,9,REGULAR_SEASON,84,45,128504
Bengal Ball,A Game of Throws,9,REGULAR_SEASON,45,84,128504
SB's Finest,Domination,9,REGULAR_SEASON,80,80,128504
Domination,SB's Finest,9,REGULAR_SEASON,80,80,128504
Jets,JayCutlersGayButlers,9,REGULAR_SEASON,107,72,128504
JayCutlersGayButlers,Jets,9,REGULAR_SEASON,72,107,128504
Martyr.,Akili Smith's Career,9,REGULAR_SEASON,81,75,128504
Akili Smith's Career,Martyr.,9,REGULAR_SEASON,75,81,128504
EveryDayImRussellin,Con 2,9,REGULAR_SEASON,109,111,128504
Con 2,EveryDayImRussellin,9,REGULAR_SEASON,111,109,128504
The Dark Knighton,EveryDayImRussellin,10,REGULAR_SEASON,78,65,128504
EveryDayImRussellin,The Dark Knighton,10,REGULAR_SEASON,65,78,128504
A Game of Throws,Los Pollos Hermanos,10,REGULAR_SEASON,90,96,128504
Los Pollos Hermanos,A Game of Throws,10,REGULAR_SEASON,96,90,128504
SB's Finest,Bengal Ball,10,REGULAR_SEASON,112,104,128504
Bengal Ball,SB's Finest,10,REGULAR_SEASON,104,112,128504
Jets,Domination,10,REGULAR_SEASON,50,85,128504
Domination,Jets,10,REGULAR_SEASON,85,50,128504
Martyr.,JayCutlersGayButlers,10,REGULAR_SEASON,50,109,128504
JayCutlersGayButlers,Martyr.,10,REGULAR_SEASON,109,50,128504
Akili Smith's Career,Con 2,10,REGULAR_SEASON,79,90,128504
Con 2,Akili Smith's Career,10,REGULAR_SEASON,90,79,128504
The Dark Knighton,Con 2,11,REGULAR_SEASON,96,90,128504
Con 2,The Dark Knighton,11,REGULAR_SEASON,90,96,128504
A Game of Throws,EveryDayImRussellin,11,REGULAR_SEASON,66,81,128504
EveryDayImRussellin,A Game of Throws,11,REGULAR_SEASON,81,66,128504
SB's Finest,Los Pollos Hermanos,11,REGULAR_SEASON,85,96,128504
Los Pollos Hermanos,SB's Finest,11,REGULAR_SEASON,96,85,128504
Jets,Bengal Ball,11,REGULAR_SEASON,86,75,128504
Bengal Ball,Jets,11,REGULAR_SEASON,75,86,128504
Martyr.,Domination,11,REGULAR_SEASON,37,79,128504
Domination,Martyr.,11,REGULAR_SEASON,79,37,128504
Akili Smith's Career,JayCutlersGayButlers,11,REGULAR_SEASON,98,93,128504
JayCutlersGayButlers,Akili Smith's Career,11,REGULAR_SEASON,93,98,128504
The Dark Knighton,A Game of Throws,12,REGULAR_SEASON,69,73,128504
A Game of Throws,The Dark Knighton,12,REGULAR_SEASON,73,69,128504
SB's Finest,EveryDayImRussellin,12,REGULAR_SEASON,69,88,128504
EveryDayImRussellin,SB's Finest,12,REGULAR_SEASON,88,69,128504
Jets,Los Pollos Hermanos,12,REGULAR_SEASON,83,83,128504
Los Pollos Hermanos,Jets,12,REGULAR_SEASON,83,83,128504
Martyr.,Bengal Ball,12,REGULAR_SEASON,89,92,128504
Bengal Ball,Martyr.,12,REGULAR_SEASON,92,89,128504
Akili Smith's Career,Domination,12,REGULAR_SEASON,93,93,128504
Domination,Akili Smith's Career,12,REGULAR_SEASON,93,93,128504
JayCutlersGayButlers,Con 2,12,REGULAR_SEASON,108,103,128504
Con 2,JayCutlersGayButlers,12,REGULAR_SEASON,103,108,128504
The Dark Knighton,SB's Finest,13,REGULAR_SEASON,96,49,128504
SB's Finest,The Dark Knighton,13,REGULAR_SEASON,49,96,128504
A Game of Throws,Con 2,13,REGULAR_SEASON,89,116,128504
Con 2,A Game of Throws,13,REGULAR_SEASON,116,89,128504
Jets,EveryDayImRussellin,13,REGULAR_SEASON,58,89,128504
EveryDayImRussellin,Jets,13,REGULAR_SEASON,89,58,128504
Martyr.,Los Pollos Hermanos,13,REGULAR_SEASON,91,91,128504
Los Pollos Hermanos,Martyr.,13,REGULAR_SEASON,91,91,128504
Akili Smith's Career,Bengal Ball,13,REGULAR_SEASON,58,66,128504
Bengal Ball,Akili Smith's Career,13,REGULAR_SEASON,66,58,128504
JayCutlersGayButlers,Domination,13,REGULAR_SEASON,117,68,128504
Domination,JayCutlersGayButlers,13,REGULAR_SEASON,68,117,128504
The Dark Knighton,JayCutlersGayButlers,14,PLAYOFF,93.86,67.92,128504
JayCutlersGayButlers,The Dark Knighton,14,PLAYOFF,67.92,93.86,128504
A Game of Throws,EveryDayImRussellin,14,PLAYOFF,79.94,117.58,128504
EveryDayImRussellin,A Game of Throws,14,PLAYOFF,117.58,79.94,128504
Martyr.,Akili Smith's Career,14,PLAYOFF,62.66,79.9,128504
Akili Smith's Career,Martyr.,14,PLAYOFF,79.9,62.66,128504
Los Pollos Hermanos,Con 2,14,PLAYOFF,126.54,91.92,128504
Con 2,Los Pollos Hermanos,14,PLAYOFF,91.92,126.54,128504
The Dark Knighton,Jets,15,PLAYOFF,71.64,80.34,128504
Jets,The Dark Knighton,15,PLAYOFF,80.34,71.64,128504
A Game of Throws,Martyr.,15,PLAYOFF,82.84,44.94,128504
Martyr.,A Game of Throws,15,PLAYOFF,44.94,82.84,128504
SB's Finest,Akili Smith's Career,15,PLAYOFF,104.98,85.44,128504
Akili Smith's Career,SB's Finest,15,PLAYOFF,85.44,104.98,128504
JayCutlersGayButlers,Con 2,15,PLAYOFF,92.84,91.24,128504
Con 2,JayCutlersGayButlers,15,PLAYOFF,91.24,92.84,128504
Domination,Los Pollos Hermanos,15,PLAYOFF,82.76,97.12,128504
Los Pollos Hermanos,Domination,15,PLAYOFF,97.12,82.76,128504
Bengal Ball,EveryDayImRussellin,15,PLAYOFF,40.9,83.04,128504
EveryDayImRussellin,Bengal Ball,15,PLAYOFF,83.04,40.9,128504
The Dark Knighton,Domination,16,PLAYOFF,88.12,53.16,128504
Domination,The Dark Knighton,16,PLAYOFF,53.16,88.12,128504
SB's Finest,EveryDayImRussellin,16,PLAYOFF,132.94,100.4,128504
EveryDayImRussellin,SB's Finest,16,PLAYOFF,100.4,132.94,128504
Jets,Los Pollos Hermanos,16,CHAMPIONSHIP,93.72,97.18,128504
Los Pollos Hermanos,Jets,16,CHAMPIONSHIP,97.18,93.72,128504
Akili Smith's Career,Bengal Ball,16,PLAYOFF,89.1,56.46,128504
Bengal Ball,Akili Smith's Career,16,PLAYOFF,56.46,89.1,128504
Salute Your Shorts,Con 2,1,REGULAR_SEASON,127.08,100.82,150575
Con 2,Salute Your Shorts,1,REGULAR_SEASON,100.82,127.08,150575
Romosexual,YouLikeMonteeBalls!,1,REGULAR_SEASON,106.02,89.26,150575
YouLikeMonteeBalls!,Romosexual,1,REGULAR_SEASON,89.26,106.02,150575
LOVE Bush,RG3's ACL,1,REGULAR_SEASON,129.46,115.48,150575
RG3's ACL,LOVE Bush,1,REGULAR_SEASON,115.48,129.46,150575
Los Pollos Hermanos,The Dandy Footballs,1,REGULAR_SEASON,101.1,95.58,150575
The Dandy Footballs,Los Pollos Hermanos,1,REGULAR_SEASON,95.58,101.1,150575
Coples Therapy,Domination,1,REGULAR_SEASON,126.62,88.28,150575
Domination,Coples Therapy,1,REGULAR_SEASON,88.28,126.62,150575
Bengal Ball,Sgt. Grumbles,1,REGULAR_SEASON,71.02,67,150575
Sgt. Grumbles,Bengal Ball,1,REGULAR_SEASON,67,71.02,150575
Salute Your Shorts,Bengal Ball,2,REGULAR_SEASON,106.18,132.4,150575
Bengal Ball,Salute Your Shorts,2,REGULAR_SEASON,132.4,106.18,150575
Con 2,LOVE Bush,2,REGULAR_SEASON,82.14,102.06,150575
LOVE Bush,Con 2,2,REGULAR_SEASON,102.06,82.14,150575
Romosexual,Los Pollos Hermanos,2,REGULAR_SEASON,72.02,132.92,150575
Los Pollos Hermanos,Romosexual,2,REGULAR_SEASON,132.92,72.02,150575
YouLikeMonteeBalls!,Domination,2,REGULAR_SEASON,109.9,82.22,150575
Domination,YouLikeMonteeBalls!,2,REGULAR_SEASON,82.22,109.9,150575
RG3's ACL,The Dandy Footballs,2,REGULAR_SEASON,111.38,97.28,150575
The Dandy Footballs,RG3's ACL,2,REGULAR_SEASON,97.28,111.38,150575
Coples Therapy,Sgt. Grumbles,2,REGULAR_SEASON,118,74.16,150575
Sgt. Grumbles,Coples Therapy,2,REGULAR_SEASON,74.16,118,150575
Salute Your Shorts,LOVE Bush,3,REGULAR_SEASON,134.6,74.58,150575
LOVE Bush,Salute Your Shorts,3,REGULAR_SEASON,74.58,134.6,150575
Con 2,The Dandy Footballs,3,REGULAR_SEASON,93.96,102.28,150575
The Dandy Footballs,Con 2,3,REGULAR_SEASON,102.28,93.96,150575
Romosexual,RG3's ACL,3,REGULAR_SEASON,71.8,105.86,150575
RG3's ACL,Romosexual,3,REGULAR_SEASON,105.86,71.8,150575
YouLikeMonteeBalls!,Sgt. Grumbles,3,REGULAR_SEASON,88.04,115.32,150575
Sgt. Grumbles,YouLikeMonteeBalls!,3,REGULAR_SEASON,115.32,88.04,150575
Los Pollos Hermanos,Domination,3,REGULAR_SEASON,94.24,78.6,150575
Domination,Los Pollos Hermanos,3,REGULAR_SEASON,78.6,94.24,150575
Coples Therapy,Bengal Ball,3,REGULAR_SEASON,72.96,55.9,150575
Bengal Ball,Coples Therapy,3,REGULAR_SEASON,55.9,72.96,150575
Salute Your Shorts,The Dandy Footballs,4,REGULAR_SEASON,97.48,107.32,150575
The Dandy Footballs,Salute Your Shorts,4,REGULAR_SEASON,107.32,97.48,150575
Con 2,Romosexual,4,REGULAR_SEASON,87.38,101.84,150575
Romosexual,Con 2,4,REGULAR_SEASON,101.84,87.38,150575
YouLikeMonteeBalls!,Coples Therapy,4,REGULAR_SEASON,129.58,121.84,150575
Coples Therapy,YouLikeMonteeBalls!,4,REGULAR_SEASON,121.84,129.58,150575
LOVE Bush,Bengal Ball,4,REGULAR_SEASON,100.74,107.14,150575
Bengal Ball,LOVE Bush,4,REGULAR_SEASON,107.14,100.74,150575
RG3's ACL,Domination,4,REGULAR_SEASON,105.38,94.88,150575
Domination,RG3's ACL,4,REGULAR_SEASON,94.88,105.38,150575
Los Pollos Hermanos,Sgt. Grumbles,4,REGULAR_SEASON,102.62,88.86,150575
Sgt. Grumbles,Los Pollos Hermanos,4,REGULAR_SEASON,88.86,102.62,150575
Salute Your Shorts,Romosexual,5,REGULAR_SEASON,103.72,113.54,150575
Romosexual,Salute Your Shorts,5,REGULAR_SEASON,113.54,103.72,150575
Con 2,Domination,5,REGULAR_SEASON,100.98,94.68,150575
Domination,Con 2,5,REGULAR_SEASON,94.68,100.98,150575
YouLikeMonteeBalls!,Bengal Ball,5,REGULAR_SEASON,110.9,104.08,150575
Bengal Ball,YouLikeMonteeBalls!,5,REGULAR_SEASON,104.08,110.9,150575
LOVE Bush,The Dandy Footballs,5,REGULAR_SEASON,83.06,85.22,150575
The Dandy Footballs,LOVE Bush,5,REGULAR_SEASON,85.22,83.06,150575
RG3's ACL,Sgt. Grumbles,5,REGULAR_SEASON,113.06,121.42,150575
Sgt. Grumbles,RG3's ACL,5,REGULAR_SEASON,121.42,113.06,150575
Los Pollos Hermanos,Coples Therapy,5,REGULAR_SEASON,112.8,105.86,150575
Coples Therapy,Los Pollos Hermanos,5,REGULAR_SEASON,105.86,112.8,150575
Salute Your Shorts,Domination,6,REGULAR_SEASON,86.58,86.02,150575
Domination,Salute Your Shorts,6,REGULAR_SEASON,86.02,86.58,150575
Con 2,Sgt. Grumbles,6,REGULAR_SEASON,67.78,96.88,150575
Sgt. Grumbles,Con 2,6,REGULAR_SEASON,96.88,67.78,150575
Romosexual,LOVE Bush,6,REGULAR_SEASON,136.2,97.34,150575
LOVE Bush,Romosexual,6,REGULAR_SEASON,97.34,136.2,150575
YouLikeMonteeBalls!,Los Pollos Hermanos,6,REGULAR_SEASON,67.74,103.68,150575
Los Pollos Hermanos,YouLikeMonteeBalls!,6,REGULAR_SEASON,103.68,67.74,150575
RG3's ACL,Coples Therapy,6,REGULAR_SEASON,85.4,78.5,150575
Coples Therapy,RG3's ACL,6,REGULAR_SEASON,78.5,85.4,150575
The Dandy Footballs,Bengal Ball,6,REGULAR_SEASON,110.64,92.96,150575
Bengal Ball,The Dandy Footballs,6,REGULAR_SEASON,92.96,110.64,150575
Salute Your Shorts,Sgt. Grumbles,7,REGULAR_SEASON,67.42,87.16,150575
Sgt. Grumbles,Salute Your Shorts,7,REGULAR_SEASON,87.16,67.42,150575
Con 2,Coples Therapy,7,REGULAR_SEASON,87.72,97.6,150575
Coples Therapy,Con 2,7,REGULAR_SEASON,97.6,87.72,150575
Romosexual,The Dandy Footballs,7,REGULAR_SEASON,75.38,64.5,150575
The Dandy Footballs,Romosexual,7,REGULAR_SEASON,64.5,75.38,150575
YouLikeMonteeBalls!,RG3's ACL,7,REGULAR_SEASON,81.62,96.44,150575
RG3's ACL,YouLikeMonteeBalls!,7,REGULAR_SEASON,96.44,81.62,150575
LOVE Bush,Domination,7,REGULAR_SEASON,96.72,88.48,150575
Domination,LOVE Bush,7,REGULAR_SEASON,88.48,96.72,150575
Los Pollos Hermanos,Bengal Ball,7,REGULAR_SEASON,110.8,64.92,150575
Bengal Ball,Los Pollos Hermanos,7,REGULAR_SEASON,64.92,110.8,150575
Salute Your Shorts,Coples Therapy,8,REGULAR_SEASON,94.46,71.4,150575
Coples Therapy,Salute Your Shorts,8,REGULAR_SEASON,71.4,94.46,150575
Con 2,YouLikeMonteeBalls!,8,REGULAR_SEASON,85.6,80.48,150575
YouLikeMonteeBalls!,Con 2,8,REGULAR_SEASON,80.48,85.6,150575
Romosexual,Bengal Ball,8,REGULAR_SEASON,101.34,116.14,150575
Bengal Ball,Romosexual,8,REGULAR_SEASON,116.14,101.34,150575
LOVE Bush,Sgt. Grumbles,8,REGULAR_SEASON,104.64,103.04,150575
Sgt. Grumbles,LOVE Bush,8,REGULAR_SEASON,103.04,104.64,150575
RG3's ACL,Los Pollos Hermanos,8,REGULAR_SEASON,110.06,76.8,150575
Los Pollos Hermanos,RG3's ACL,8,REGULAR_SEASON,76.8,110.06,150575
Domination,The Dandy Footballs,8,REGULAR_SEASON,108.52,116.98,150575
The Dandy Footballs,Domination,8,REGULAR_SEASON,116.98,108.52,150575
Salute Your Shorts,YouLikeMonteeBalls!,9,REGULAR_SEASON,129.48,42.94,150575
YouLikeMonteeBalls!,Salute Your Shorts,9,REGULAR_SEASON,42.94,129.48,150575
Con 2,Los Pollos Hermanos,9,REGULAR_SEASON,90.94,109.88,150575
Los Pollos Hermanos,Con 2,9,REGULAR_SEASON,109.88,90.94,150575
Romosexual,Domination,9,REGULAR_SEASON,140.28,80.5,150575
Domination,Romosexual,9,REGULAR_SEASON,80.5,140.28,150575
LOVE Bush,Coples Therapy,9,REGULAR_SEASON,88.12,91.78,150575
Coples Therapy,LOVE Bush,9,REGULAR_SEASON,91.78,88.12,150575
RG3's ACL,Bengal Ball,9,REGULAR_SEASON,81.54,104.22,150575
Bengal Ball,RG3's ACL,9,REGULAR_SEASON,104.22,81.54,150575
The Dandy Footballs,Sgt. Grumbles,9,REGULAR_SEASON,98.78,136.16,150575
Sgt. Grumbles,The Dandy Footballs,9,REGULAR_SEASON,136.16,98.78,150575
Salute Your Shorts,Los Pollos Hermanos,10,REGULAR_SEASON,92.04,106.08,150575
Los Pollos Hermanos,Salute Your Shorts,10,REGULAR_SEASON,106.08,92.04,150575
Con 2,RG3's ACL,10,REGULAR_SEASON,83.12,111.1,150575
RG3's ACL,Con 2,10,REGULAR_SEASON,111.1,83.12,150575
Romosexual,Sgt. Grumbles,10,REGULAR_SEASON,77.92,89.46,150575
Sgt. Grumbles,Romosexual,10,REGULAR_SEASON,89.46,77.92,150575
YouLikeMonteeBalls!,LOVE Bush,10,REGULAR_SEASON,77.14,72.98,150575
LOVE Bush,YouLikeMonteeBalls!,10,REGULAR_SEASON,72.98,77.14,150575
Coples Therapy,The Dandy Footballs,10,REGULAR_SEASON,72.1,69.68,150575
The Dandy Footballs,Coples Therapy,10,REGULAR_SEASON,69.68,72.1,150575
Domination,Bengal Ball,10,REGULAR_SEASON,76.86,87.66,150575
Bengal Ball,Domination,10,REGULAR_SEASON,87.66,76.86,150575
Salute Your Shorts,RG3's ACL,11,REGULAR_SEASON,114.9,84.02,150575
RG3's ACL,Salute Your Shorts,11,REGULAR_SEASON,84.02,114.9,150575
Con 2,Bengal Ball,11,REGULAR_SEASON,115.38,80.04,150575
Bengal Ball,Con 2,11,REGULAR_SEASON,80.04,115.38,150575
Romosexual,Coples Therapy,11,REGULAR_SEASON,107.06,95.96,150575
Coples Therapy,Romosexual,11,REGULAR_SEASON,95.96,107.06,150575
YouLikeMonteeBalls!,The Dandy Footballs,11,REGULAR_SEASON,96.42,100.8,150575
The Dandy Footballs,YouLikeMonteeBalls!,11,REGULAR_SEASON,100.8,96.42,150575
LOVE Bush,Los Pollos Hermanos,11,REGULAR_SEASON,86.02,80.9,150575
Los Pollos Hermanos,LOVE Bush,11,REGULAR_SEASON,80.9,86.02,150575
Domination,Sgt. Grumbles,11,REGULAR_SEASON,100.38,119.36,150575
Sgt. Grumbles,Domination,11,REGULAR_SEASON,119.36,100.38,150575
Salute Your Shorts,Con 2,12,REGULAR_SEASON,129.5,97.82,150575
Con 2,Salute Your Shorts,12,REGULAR_SEASON,97.82,129.5,150575
Romosexual,YouLikeMonteeBalls!,12,REGULAR_SEASON,59.76,68.56,150575
YouLikeMonteeBalls!,Romosexual,12,REGULAR_SEASON,68.56,59.76,150575
LOVE Bush,RG3's ACL,12,REGULAR_SEASON,62.06,102.5,150575
RG3's ACL,LOVE Bush,12,REGULAR_SEASON,102.5,62.06,150575
Los Pollos Hermanos,The Dandy Footballs,12,REGULAR_SEASON,114.82,71.42,150575
The Dandy Footballs,Los Pollos Hermanos,12,REGULAR_SEASON,71.42,114.82,150575
Coples Therapy,Domination,12,REGULAR_SEASON,72.02,105.88,150575
Domination,Coples Therapy,12,REGULAR_SEASON,105.88,72.02,150575
Bengal Ball,Sgt. Grumbles,12,REGULAR_SEASON,81.86,88.96,150575
Sgt. Grumbles,Bengal Ball,12,REGULAR_SEASON,88.96,81.86,150575
Salute Your Shorts,Bengal Ball,13,REGULAR_SEASON,147.2,66.44,150575
Bengal Ball,Salute Your Shorts,13,REGULAR_SEASON,66.44,147.2,150575
Con 2,LOVE Bush,13,REGULAR_SEASON,117.9,107,150575
LOVE Bush,Con 2,13,REGULAR_SEASON,107,117.9,150575
Romosexual,Los Pollos Hermanos,13,REGULAR_SEASON,92,76.9,150575
Los Pollos Hermanos,Romosexual,13,REGULAR_SEASON,76.9,92,150575
YouLikeMonteeBalls!,Domination,13,REGULAR_SEASON,114.98,88.9,150575
Domination,YouLikeMonteeBalls!,13,REGULAR_SEASON,88.9,114.98,150575
RG3's ACL,The Dandy Footballs,13,REGULAR_SEASON,115.32,80.38,150575
The Dandy Footballs,RG3's ACL,13,REGULAR_SEASON,80.38,115.32,150575
Coples Therapy,Sgt. Grumbles,13,REGULAR_SEASON,126.4,110.14,150575
Sgt. Grumbles,Coples Therapy,13,REGULAR_SEASON,110.14,126.4,150575
Salute Your Shorts,Coples Therapy,14,PLAYOFF,102.8,145.42,150575
Coples Therapy,Salute Your Shorts,14,PLAYOFF,145.42,102.8,150575
Con 2,LOVE Bush,14,PLAYOFF,112.54,94.8,150575
LOVE Bush,Con 2,14,PLAYOFF,94.8,112.54,150575
Romosexual,Sgt. Grumbles,14,PLAYOFF,115.36,82.9,150575
Sgt. Grumbles,Romosexual,14,PLAYOFF,82.9,115.36,150575
YouLikeMonteeBalls!,Domination,14,PLAYOFF,68.16,52.14,150575
Domination,YouLikeMonteeBalls!,14,PLAYOFF,52.14,68.16,150575
Salute Your Shorts,Sgt. Grumbles,15,PLAYOFF,146.52,77.22,150575
Sgt. Grumbles,Salute Your Shorts,15,PLAYOFF,77.22,146.52,150575
Con 2,The Dandy Footballs,15,PLAYOFF,67.6,75.42,150575
The Dandy Footballs,Con 2,15,PLAYOFF,75.42,67.6,150575
Romosexual,Los Pollos Hermanos,15,PLAYOFF,136.12,157.14,150575
Los Pollos Hermanos,Romosexual,15,PLAYOFF,157.14,136.12,150575
YouLikeMonteeBalls!,Bengal Ball,15,PLAYOFF,87.62,128.86,150575
Bengal Ball,YouLikeMonteeBalls!,15,PLAYOFF,128.86,87.62,150575
LOVE Bush,Domination,15,PLAYOFF,88.58,70.5,150575
Domination,LOVE Bush,15,PLAYOFF,70.5,88.58,150575
RG3's ACL,Coples Therapy,15,PLAYOFF,74.76,97.6,150575
Coples Therapy,RG3's ACL,15,PLAYOFF,97.6,74.76,150575
Con 2,YouLikeMonteeBalls!,16,PLAYOFF,80.14,93.4,150575
YouLikeMonteeBalls!,Con 2,16,PLAYOFF,93.4,80.14,150575
Romosexual,RG3's ACL,16,PLAYOFF,79.14,116.6,150575
RG3's ACL,Romosexual,16,PLAYOFF,116.6,79.14,150575
Los Pollos Hermanos,Coples Therapy,16,CHAMPIONSHIP,114.72,69.18,150575
Coples Therapy,Los Pollos Hermanos,16,CHAMPIONSHIP,69.18,114.72,150575
The Dandy Footballs,Bengal Ball,16,PLAYOFF,64.24,52.48,150575
Bengal Ball,The Dandy Footballs,16,PLAYOFF,52.48,64.24,150575
Muffin Lords,Gotta Catch Jamaal,1,REGULAR_SEASON,96,80.5,237657
Gotta Catch Jamaal,Muffin Lords,1,REGULAR_SEASON,80.5,96,237657
The BOlievers,Con 2,1,REGULAR_SEASON,81.86,87.02,237657
Con 2,The BOlievers,1,REGULAR_SEASON,87.02,81.86,237657
Just End The Season,Los Pollos Hermanos,1,REGULAR_SEASON,112.72,99.96,237657
Los Pollos Hermanos,Just End The Season,1,REGULAR_SEASON,99.96,112.72,237657
Poop County,NickNovaksDickProzac,1,REGULAR_SEASON,76.14,96.66,237657
NickNovaksDickProzac,Poop County,1,REGULAR_SEASON,96.66,76.14,237657
Free Ryan Nassib,The New York Grimes,1,REGULAR_SEASON,84.84,86.64,237657
The New York Grimes,Free Ryan Nassib,1,REGULAR_SEASON,86.64,84.84,237657
Bengal Ball,Injury City,1,REGULAR_SEASON,111.84,117.58,237657
Injury City,Bengal Ball,1,REGULAR_SEASON,117.58,111.84,237657
Muffin Lords,The BOlievers,2,REGULAR_SEASON,86.98,101.66,237657
The BOlievers,Muffin Lords,2,REGULAR_SEASON,101.66,86.98,237657
Gotta Catch Jamaal,Injury City,2,REGULAR_SEASON,105.24,69.14,237657
Injury City,Gotta Catch Jamaal,2,REGULAR_SEASON,69.14,105.24,237657
Just End The Season,Con 2,2,REGULAR_SEASON,100.44,114.58,237657
Con 2,Just End The Season,2,REGULAR_SEASON,114.58,100.44,237657
Poop County,Los Pollos Hermanos,2,REGULAR_SEASON,77.74,86.78,237657
Los Pollos Hermanos,Poop County,2,REGULAR_SEASON,86.78,77.74,237657
Free Ryan Nassib,NickNovaksDickProzac,2,REGULAR_SEASON,81.64,79.44,237657
NickNovaksDickProzac,Free Ryan Nassib,2,REGULAR_SEASON,79.44,81.64,237657
Bengal Ball,The New York Grimes,2,REGULAR_SEASON,73.28,79.22,237657
The New York Grimes,Bengal Ball,2,REGULAR_SEASON,79.22,73.28,237657
Muffin Lords,Just End The Season,3,REGULAR_SEASON,98.7,97.54,237657
Just End The Season,Muffin Lords,3,REGULAR_SEASON,97.54,98.7,237657
Gotta Catch Jamaal,The BOlievers,3,REGULAR_SEASON,102.2,61.26,237657
The BOlievers,Gotta Catch Jamaal,3,REGULAR_SEASON,61.26,102.2,237657
Poop County,Con 2,3,REGULAR_SEASON,78.7,101.32,237657
Con 2,Poop County,3,REGULAR_SEASON,101.32,78.7,237657
Free Ryan Nassib,Los Pollos Hermanos,3,REGULAR_SEASON,35.04,96.82,237657
Los Pollos Hermanos,Free Ryan Nassib,3,REGULAR_SEASON,96.82,35.04,237657
Bengal Ball,NickNovaksDickProzac,3,REGULAR_SEASON,93.22,72.38,237657
NickNovaksDickProzac,Bengal Ball,3,REGULAR_SEASON,72.38,93.22,237657
The New York Grimes,Injury City,3,REGULAR_SEASON,135.1,109.3,237657
Injury City,The New York Grimes,3,REGULAR_SEASON,109.3,135.1,237657
Muffin Lords,Poop County,4,REGULAR_SEASON,109.02,83.44,237657
Poop County,Muffin Lords,4,REGULAR_SEASON,83.44,109.02,237657
Gotta Catch Jamaal,Just End The Season,4,REGULAR_SEASON,145.96,87.32,237657
Just End The Season,Gotta Catch Jamaal,4,REGULAR_SEASON,87.32,145.96,237657
The BOlievers,Injury City,4,REGULAR_SEASON,108.48,69.3,237657
Injury City,The BOlievers,4,REGULAR_SEASON,69.3,108.48,237657
Free Ryan Nassib,Con 2,4,REGULAR_SEASON,92.22,101,237657
Con 2,Free Ryan Nassib,4,REGULAR_SEASON,101,92.22,237657
Bengal Ball,Los Pollos Hermanos,4,REGULAR_SEASON,101.18,93.46,237657
Los Pollos Hermanos,Bengal Ball,4,REGULAR_SEASON,93.46,101.18,237657
The New York Grimes,NickNovaksDickProzac,4,REGULAR_SEASON,73.42,74.98,237657
NickNovaksDickProzac,The New York Grimes,4,REGULAR_SEASON,74.98,73.42,237657
Muffin Lords,Free Ryan Nassib,5,REGULAR_SEASON,108.78,73.54,237657
Free Ryan Nassib,Muffin Lords,5,REGULAR_SEASON,73.54,108.78,237657
Gotta Catch Jamaal,Poop County,5,REGULAR_SEASON,83.92,78.46,237657
Poop County,Gotta Catch Jamaal,5,REGULAR_SEASON,78.46,83.92,237657
The BOlievers,Just End The Season,5,REGULAR_SEASON,87.92,101.04,237657
Just End The Season,The BOlievers,5,REGULAR_SEASON,101.04,87.92,237657
Bengal Ball,Con 2,5,REGULAR_SEASON,117.34,107.74,237657
Con 2,Bengal Ball,5,REGULAR_SEASON,107.74,117.34,237657
The New York Grimes,Los Pollos Hermanos,5,REGULAR_SEASON,97.24,97.16,237657
Los Pollos Hermanos,The New York Grimes,5,REGULAR_SEASON,97.16,97.24,237657
NickNovaksDickProzac,Injury City,5,REGULAR_SEASON,96.54,93.68,237657
Injury City,NickNovaksDickProzac,5,REGULAR_SEASON,93.68,96.54,237657
Muffin Lords,Bengal Ball,6,REGULAR_SEASON,123.5,105.64,237657
Bengal Ball,Muffin Lords,6,REGULAR_SEASON,105.64,123.5,237657
Gotta Catch Jamaal,Free Ryan Nassib,6,REGULAR_SEASON,54.54,68,237657
Free Ryan Nassib,Gotta Catch Jamaal,6,REGULAR_SEASON,68,54.54,237657
The BOlievers,Poop County,6,REGULAR_SEASON,107.26,98.74,237657
Poop County,The BOlievers,6,REGULAR_SEASON,98.74,107.26,237657
Just End The Season,Injury City,6,REGULAR_SEASON,95.64,103.52,237657
Injury City,Just End The Season,6,REGULAR_SEASON,103.52,95.64,237657
The New York Grimes,Con 2,6,REGULAR_SEASON,97.22,119.92,237657
Con 2,The New York Grimes,6,REGULAR_SEASON,119.92,97.22,237657
NickNovaksDickProzac,Los Pollos Hermanos,6,REGULAR_SEASON,107.76,82.28,237657
Los Pollos Hermanos,NickNovaksDickProzac,6,REGULAR_SEASON,82.28,107.76,237657
Muffin Lords,The New York Grimes,7,REGULAR_SEASON,102.36,72.72,237657
The New York Grimes,Muffin Lords,7,REGULAR_SEASON,72.72,102.36,237657
Gotta Catch Jamaal,Bengal Ball,7,REGULAR_SEASON,78.84,114.4,237657
Bengal Ball,Gotta Catch Jamaal,7,REGULAR_SEASON,114.4,78.84,237657
The BOlievers,Free Ryan Nassib,7,REGULAR_SEASON,93.74,63.2,237657
Free Ryan Nassib,The BOlievers,7,REGULAR_SEASON,63.2,93.74,237657
Just End The Season,Poop County,7,REGULAR_SEASON,84.22,76.8,237657
Poop County,Just End The Season,7,REGULAR_SEASON,76.8,84.22,237657
NickNovaksDickProzac,Con 2,7,REGULAR_SEASON,77.1,115.48,237657
Con 2,NickNovaksDickProzac,7,REGULAR_SEASON,115.48,77.1,237657
Los Pollos Hermanos,Injury City,7,REGULAR_SEASON,118.02,84.04,237657
Injury City,Los Pollos Hermanos,7,REGULAR_SEASON,84.04,118.02,237657
Muffin Lords,NickNovaksDickProzac,8,REGULAR_SEASON,139.5,102.32,237657
NickNovaksDickProzac,Muffin Lords,8,REGULAR_SEASON,102.32,139.5,237657
Gotta Catch Jamaal,The New York Grimes,8,REGULAR_SEASON,136.16,83,237657
The New York Grimes,Gotta Catch Jamaal,8,REGULAR_SEASON,83,136.16,237657
The BOlievers,Bengal Ball,8,REGULAR_SEASON,131.46,91.96,237657
Bengal Ball,The BOlievers,8,REGULAR_SEASON,91.96,131.46,237657
Just End The Season,Free Ryan Nassib,8,REGULAR_SEASON,116.56,38.24,237657
Free Ryan Nassib,Just End The Season,8,REGULAR_SEASON,38.24,116.56,237657
Poop County,Injury City,8,REGULAR_SEASON,73.78,118.64,237657
Injury City,Poop County,8,REGULAR_SEASON,118.64,73.78,237657
Los Pollos Hermanos,Con 2,8,REGULAR_SEASON,88.34,152.84,237657
Con 2,Los Pollos Hermanos,8,REGULAR_SEASON,152.84,88.34,237657
Muffin Lords,Los Pollos Hermanos,9,REGULAR_SEASON,135.36,71.92,237657
Los Pollos Hermanos,Muffin Lords,9,REGULAR_SEASON,71.92,135.36,237657
Gotta Catch Jamaal,NickNovaksDickProzac,9,REGULAR_SEASON,110.86,89.32,237657
NickNovaksDickProzac,Gotta Catch Jamaal,9,REGULAR_SEASON,89.32,110.86,237657
The BOlievers,The New York Grimes,9,REGULAR_SEASON,85.52,99.88,237657
The New York Grimes,The BOlievers,9,REGULAR_SEASON,99.88,85.52,237657
Just End The Season,Bengal Ball,9,REGULAR_SEASON,82.34,64.96,237657
Bengal Ball,Just End The Season,9,REGULAR_SEASON,64.96,82.34,237657
Poop County,Free Ryan Nassib,9,REGULAR_SEASON,114.36,39.84,237657
Free Ryan Nassib,Poop County,9,REGULAR_SEASON,39.84,114.36,237657
Con 2,Injury City,9,REGULAR_SEASON,120.58,80.96,237657
Injury City,Con 2,9,REGULAR_SEASON,80.96,120.58,237657
Muffin Lords,Con 2,10,REGULAR_SEASON,95.98,96.98,237657
Con 2,Muffin Lords,10,REGULAR_SEASON,96.98,95.98,237657
Gotta Catch Jamaal,Los Pollos Hermanos,10,REGULAR_SEASON,104.72,85.1,237657
Los Pollos Hermanos,Gotta Catch Jamaal,10,REGULAR_SEASON,85.1,104.72,237657
The BOlievers,NickNovaksDickProzac,10,REGULAR_SEASON,93.98,100,237657
NickNovaksDickProzac,The BOlievers,10,REGULAR_SEASON,100,93.98,237657
Just End The Season,The New York Grimes,10,REGULAR_SEASON,110.26,122.9,237657
The New York Grimes,Just End The Season,10,REGULAR_SEASON,122.9,110.26,237657
Poop County,Bengal Ball,10,REGULAR_SEASON,103.38,95.18,237657
Bengal Ball,Poop County,10,REGULAR_SEASON,95.18,103.38,237657
Free Ryan Nassib,Injury City,10,REGULAR_SEASON,70.84,97.56,237657
Injury City,Free Ryan Nassib,10,REGULAR_SEASON,97.56,70.84,237657
Muffin Lords,Injury City,11,REGULAR_SEASON,87.32,69.88,237657
Injury City,Muffin Lords,11,REGULAR_SEASON,69.88,87.32,237657
Gotta Catch Jamaal,Con 2,11,REGULAR_SEASON,117.88,77.1,237657
Con 2,Gotta Catch Jamaal,11,REGULAR_SEASON,77.1,117.88,237657
The BOlievers,Los Pollos Hermanos,11,REGULAR_SEASON,83.18,80.76,237657
Los Pollos Hermanos,The BOlievers,11,REGULAR_SEASON,80.76,83.18,237657
Just End The Season,NickNovaksDickProzac,11,REGULAR_SEASON,82.22,70.74,237657
NickNovaksDickProzac,Just End The Season,11,REGULAR_SEASON,70.74,82.22,237657
Poop County,The New York Grimes,11,REGULAR_SEASON,110.1,82.32,237657
The New York Grimes,Poop County,11,REGULAR_SEASON,82.32,110.1,237657
Free Ryan Nassib,Bengal Ball,11,REGULAR_SEASON,62.68,84.42,237657
Bengal Ball,Free Ryan Nassib,11,REGULAR_SEASON,84.42,62.68,237657
Muffin Lords,Gotta Catch Jamaal,12,REGULAR_SEASON,92.32,89.34,237657
Gotta Catch Jamaal,Muffin Lords,12,REGULAR_SEASON,89.34,92.32,237657
The BOlievers,Con 2,12,REGULAR_SEASON,82.36,120.3,237657
Con 2,The BOlievers,12,REGULAR_SEASON,120.3,82.36,237657
Just End The Season,Los Pollos Hermanos,12,REGULAR_SEASON,105.7,105.08,237657
Los Pollos Hermanos,Just End The Season,12,REGULAR_SEASON,105.08,105.7,237657
Poop County,NickNovaksDickProzac,12,REGULAR_SEASON,80.1,91.96,237657
NickNovaksDickProzac,Poop County,12,REGULAR_SEASON,91.96,80.1,237657
Free Ryan Nassib,The New York Grimes,12,REGULAR_SEASON,84.66,113.34,237657
The New York Grimes,Free Ryan Nassib,12,REGULAR_SEASON,113.34,84.66,237657
Bengal Ball,Injury City,12,REGULAR_SEASON,107.14,103.32,237657
Injury City,Bengal Ball,12,REGULAR_SEASON,103.32,107.14,237657
Muffin Lords,The BOlievers,13,REGULAR_SEASON,123.8,97.1,237657
The BOlievers,Muffin Lords,13,REGULAR_SEASON,97.1,123.8,237657
Gotta Catch Jamaal,Injury City,13,REGULAR_SEASON,105.8,102.64,237657
Injury City,Gotta Catch Jamaal,13,REGULAR_SEASON,102.64,105.8,237657
Just End The Season,Con 2,13,REGULAR_SEASON,89.86,162.88,237657
Con 2,Just End The Season,13,REGULAR_SEASON,162.88,89.86,237657
Poop County,Los Pollos Hermanos,13,REGULAR_SEASON,70.4,90.16,237657
Los Pollos Hermanos,Poop County,13,REGULAR_SEASON,90.16,70.4,237657
Free Ryan Nassib,NickNovaksDickProzac,13,REGULAR_SEASON,91.9,86.32,237657
NickNovaksDickProzac,Free Ryan Nassib,13,REGULAR_SEASON,86.32,91.9,237657
Bengal Ball,The New York Grimes,13,REGULAR_SEASON,154.62,90.48,237657
The New York Grimes,Bengal Ball,13,REGULAR_SEASON,90.48,154.62,237657
Gotta Catch Jamaal,The New York Grimes,14,PLAYOFF,95.4,105.76,237657
The New York Grimes,Gotta Catch Jamaal,14,PLAYOFF,105.76,95.4,237657
Just End The Season,Bengal Ball,14,PLAYOFF,126.9,124.92,237657
Bengal Ball,Just End The Season,14,PLAYOFF,124.92,126.9,237657
Poop County,Los Pollos Hermanos,14,PLAYOFF,93.44,99.92,237657
Los Pollos Hermanos,Poop County,14,PLAYOFF,99.92,93.44,237657
Free Ryan Nassib,Injury City,14,PLAYOFF,114.14,100.06,237657
Injury City,Free Ryan Nassib,14,PLAYOFF,100.06,114.14,237657
Muffin Lords,The New York Grimes,15,PLAYOFF,85.68,89.2,237657
The New York Grimes,Muffin Lords,15,PLAYOFF,89.2,85.68,237657
Gotta Catch Jamaal,Bengal Ball,15,PLAYOFF,77.2,120.02,237657
Bengal Ball,Gotta Catch Jamaal,15,PLAYOFF,120.02,77.2,237657
The BOlievers,Los Pollos Hermanos,15,PLAYOFF,78.08,81.42,237657
Los Pollos Hermanos,The BOlievers,15,PLAYOFF,81.42,78.08,237657
Just End The Season,Con 2,15,PLAYOFF,130.4,91.3,237657
Con 2,Just End The Season,15,PLAYOFF,91.3,130.4,237657
Poop County,Injury City,15,PLAYOFF,103.06,54.26,237657
Injury City,Poop County,15,PLAYOFF,54.26,103.06,237657
Free Ryan Nassib,NickNovaksDickProzac,15,PLAYOFF,38.82,45.3,237657
NickNovaksDickProzac,Free Ryan Nassib,15,PLAYOFF,45.3,38.82,237657
Muffin Lords,Con 2,16,PLAYOFF,74.26,91.82,237657
Con 2,Muffin Lords,16,PLAYOFF,91.82,74.26,237657
The BOlievers,Free Ryan Nassib,16,PLAYOFF,81.78,49.72,237657
Free Ryan Nassib,The BOlievers,16,PLAYOFF,49.72,81.78,237657
Just End The Season,The New York Grimes,16,CHAMPIONSHIP,101.88,109.64,237657
The New York Grimes,Just End The Season,16,CHAMPIONSHIP,109.64,101.88,237657
NickNovaksDickProzac,Los Pollos Hermanos,16,PLAYOFF,79.52,53.74,237657
Los Pollos Hermanos,NickNovaksDickProzac,16,PLAYOFF,53.74,79.52,237657
Muffin Lords,Lockjaw Smith,1,REGULAR_SEASON,72.14,78.02,251386
Lockjaw Smith,Muffin Lords,1,REGULAR_SEASON,78.02,72.14,251386
J.O.B. squad,Free Ryan Nassib,1,REGULAR_SEASON,112.34,108.84,251386
Free Ryan Nassib,J.O.B. squad,1,REGULAR_SEASON,108.84,112.34,251386
The New York Grimes,Los Pollos Hermanos,1,REGULAR_SEASON,96.32,132.54,251386
Los Pollos Hermanos,The New York Grimes,1,REGULAR_SEASON,132.54,96.32,251386
Bukharin,Ballhogs2,1,REGULAR_SEASON,77.3,151.68,251386
Ballhogs2,Bukharin,1,REGULAR_SEASON,151.68,77.3,251386
Mac Demarco Murray,Bengal Ball,1,REGULAR_SEASON,91.32,77.22,251386
Bengal Ball,Mac Demarco Murray,1,REGULAR_SEASON,77.22,91.32,251386
TheFatLacySang,K G's Cool Team,1,REGULAR_SEASON,96.56,50.6,251386
K G's Cool Team,TheFatLacySang,1,REGULAR_SEASON,50.6,96.56,251386
Muffin Lords,Ballhogs2,2,REGULAR_SEASON,61.34,65,251386
Ballhogs2,Muffin Lords,2,REGULAR_SEASON,65,61.34,251386
J.O.B. squad,Bengal Ball,2,REGULAR_SEASON,136.06,56.18,251386
Bengal Ball,J.O.B. squad,2,REGULAR_SEASON,56.18,136.06,251386
Lockjaw Smith,Mac Demarco Murray,2,REGULAR_SEASON,118.04,60.6,251386
Mac Demarco Murray,Lockjaw Smith,2,REGULAR_SEASON,60.6,118.04,251386
The New York Grimes,Free Ryan Nassib,2,REGULAR_SEASON,59.42,120.16,251386
Free Ryan Nassib,The New York Grimes,2,REGULAR_SEASON,120.16,59.42,251386
Bukharin,K G's Cool Team,2,REGULAR_SEASON,119.7,69.56,251386
K G's Cool Team,Bukharin,2,REGULAR_SEASON,69.56,119.7,251386
TheFatLacySang,Los Pollos Hermanos,2,REGULAR_SEASON,108.66,84.2,251386
Los Pollos Hermanos,TheFatLacySang,2,REGULAR_SEASON,84.2,108.66,251386
Muffin Lords,Bukharin,3,REGULAR_SEASON,145.3,96.1,251386
Bukharin,Muffin Lords,3,REGULAR_SEASON,96.1,145.3,251386
J.O.B. squad,Lockjaw Smith,3,REGULAR_SEASON,85.88,129.62,251386
Lockjaw Smith,J.O.B. squad,3,REGULAR_SEASON,129.62,85.88,251386
The New York Grimes,Bengal Ball,3,REGULAR_SEASON,111.9,72.04,251386
Bengal Ball,The New York Grimes,3,REGULAR_SEASON,72.04,111.9,251386
Mac Demarco Murray,Ballhogs2,3,REGULAR_SEASON,94,122.54,251386
Ballhogs2,Mac Demarco Murray,3,REGULAR_SEASON,122.54,94,251386
TheFatLacySang,Free Ryan Nassib,3,REGULAR_SEASON,134.72,73.88,251386
Free Ryan Nassib,TheFatLacySang,3,REGULAR_SEASON,73.88,134.72,251386
Los Pollos Hermanos,K G's Cool Team,3,REGULAR_SEASON,103.18,103.46,251386
K G's Cool Team,Los Pollos Hermanos,3,REGULAR_SEASON,103.46,103.18,251386
Muffin Lords,Mac Demarco Murray,4,REGULAR_SEASON,94.08,60.74,251386
Mac Demarco Murray,Muffin Lords,4,REGULAR_SEASON,60.74,94.08,251386
J.O.B. squad,Ballhogs2,4,REGULAR_SEASON,81.02,97.58,251386
Ballhogs2,J.O.B. squad,4,REGULAR_SEASON,97.58,81.02,251386
Lockjaw Smith,The New York Grimes,4,REGULAR_SEASON,65.36,44.54,251386
The New York Grimes,Lockjaw Smith,4,REGULAR_SEASON,44.54,65.36,251386
Bukharin,Los Pollos Hermanos,4,REGULAR_SEASON,90.16,93.22,251386
Los Pollos Hermanos,Bukharin,4,REGULAR_SEASON,93.22,90.16,251386
TheFatLacySang,Bengal Ball,4,REGULAR_SEASON,77.96,93.88,251386
Bengal Ball,TheFatLacySang,4,REGULAR_SEASON,93.88,77.96,251386
K G's Cool Team,Free Ryan Nassib,4,REGULAR_SEASON,53.22,95.32,251386
Free Ryan Nassib,K G's Cool Team,4,REGULAR_SEASON,95.32,53.22,251386
Muffin Lords,J.O.B. squad,5,REGULAR_SEASON,121.52,116.32,251386
J.O.B. squad,Muffin Lords,5,REGULAR_SEASON,116.32,121.52,251386
Lockjaw Smith,TheFatLacySang,5,REGULAR_SEASON,85.1,115.84,251386
TheFatLacySang,Lockjaw Smith,5,REGULAR_SEASON,115.84,85.1,251386
The New York Grimes,Ballhogs2,5,REGULAR_SEASON,80.66,92.84,251386
Ballhogs2,The New York Grimes,5,REGULAR_SEASON,92.84,80.66,251386
Bukharin,Mac Demarco Murray,5,REGULAR_SEASON,100.9,78.76,251386
Mac Demarco Murray,Bukharin,5,REGULAR_SEASON,78.76,100.9,251386
Los Pollos Hermanos,Free Ryan Nassib,5,REGULAR_SEASON,81.72,80.74,251386
Free Ryan Nassib,Los Pollos Hermanos,5,REGULAR_SEASON,80.74,81.72,251386
Bengal Ball,K G's Cool Team,5,REGULAR_SEASON,101.5,33.54,251386
K G's Cool Team,Bengal Ball,5,REGULAR_SEASON,33.54,101.5,251386
Muffin Lords,The New York Grimes,6,REGULAR_SEASON,109.14,88.1,251386
The New York Grimes,Muffin Lords,6,REGULAR_SEASON,88.1,109.14,251386
J.O.B. squad,Mac Demarco Murray,6,REGULAR_SEASON,105.04,115.58,251386
Mac Demarco Murray,J.O.B. squad,6,REGULAR_SEASON,115.58,105.04,251386
Lockjaw Smith,K G's Cool Team,6,REGULAR_SEASON,79.18,89.5,251386
K G's Cool Team,Lockjaw Smith,6,REGULAR_SEASON,89.5,79.18,251386
Bukharin,Free Ryan Nassib,6,REGULAR_SEASON,100.28,102.28,251386
Free Ryan Nassib,Bukharin,6,REGULAR_SEASON,102.28,100.28,251386
Ballhogs2,TheFatLacySang,6,REGULAR_SEASON,116.12,99.7,251386
TheFatLacySang,Ballhogs2,6,REGULAR_SEASON,99.7,116.12,251386
Los Pollos Hermanos,Bengal Ball,6,REGULAR_SEASON,107.2,103.26,251386
Bengal Ball,Los Pollos Hermanos,6,REGULAR_SEASON,103.26,107.2,251386
Muffin Lords,TheFatLacySang,7,REGULAR_SEASON,91.4,131.9,251386
TheFatLacySang,Muffin Lords,7,REGULAR_SEASON,131.9,91.4,251386
J.O.B. squad,Bukharin,7,REGULAR_SEASON,108.48,119.58,251386
Bukharin,J.O.B. squad,7,REGULAR_SEASON,119.58,108.48,251386
Lockjaw Smith,Los Pollos Hermanos,7,REGULAR_SEASON,107.2,81.94,251386
Los Pollos Hermanos,Lockjaw Smith,7,REGULAR_SEASON,81.94,107.2,251386
The New York Grimes,Mac Demarco Murray,7,REGULAR_SEASON,67.14,97.12,251386
Mac Demarco Murray,The New York Grimes,7,REGULAR_SEASON,97.12,67.14,251386
Ballhogs2,K G's Cool Team,7,REGULAR_SEASON,139.2,62.7,251386
K G's Cool Team,Ballhogs2,7,REGULAR_SEASON,62.7,139.2,251386
Bengal Ball,Free Ryan Nassib,7,REGULAR_SEASON,77.44,69.04,251386
Free Ryan Nassib,Bengal Ball,7,REGULAR_SEASON,69.04,77.44,251386
Muffin Lords,K G's Cool Team,8,REGULAR_SEASON,84.8,100.4,251386
K G's Cool Team,Muffin Lords,8,REGULAR_SEASON,100.4,84.8,251386
J.O.B. squad,The New York Grimes,8,REGULAR_SEASON,90.8,111.78,251386
The New York Grimes,J.O.B. squad,8,REGULAR_SEASON,111.78,90.8,251386
Lockjaw Smith,Free Ryan Nassib,8,REGULAR_SEASON,71.34,47.58,251386
Free Ryan Nassib,Lockjaw Smith,8,REGULAR_SEASON,47.58,71.34,251386
Bukharin,Bengal Ball,8,REGULAR_SEASON,87.02,79.94,251386
Bengal Ball,Bukharin,8,REGULAR_SEASON,79.94,87.02,251386
Mac Demarco Murray,TheFatLacySang,8,REGULAR_SEASON,79.14,63.08,251386
TheFatLacySang,Mac Demarco Murray,8,REGULAR_SEASON,63.08,79.14,251386
Ballhogs2,Los Pollos Hermanos,8,REGULAR_SEASON,111.04,93.78,251386
Los Pollos Hermanos,Ballhogs2,8,REGULAR_SEASON,93.78,111.04,251386
Muffin Lords,Los Pollos Hermanos,9,REGULAR_SEASON,74.94,97.78,251386
Los Pollos Hermanos,Muffin Lords,9,REGULAR_SEASON,97.78,74.94,251386
J.O.B. squad,TheFatLacySang,9,REGULAR_SEASON,103.36,89.42,251386
TheFatLacySang,J.O.B. squad,9,REGULAR_SEASON,89.42,103.36,251386
Lockjaw Smith,Bengal Ball,9,REGULAR_SEASON,106.26,116.12,251386
Bengal Ball,Lockjaw Smith,9,REGULAR_SEASON,116.12,106.26,251386
The New York Grimes,Bukharin,9,REGULAR_SEASON,106.02,96.58,251386
Bukharin,The New York Grimes,9,REGULAR_SEASON,96.58,106.02,251386
Mac Demarco Murray,K G's Cool Team,9,REGULAR_SEASON,140.44,124.34,251386
K G's Cool Team,Mac Demarco Murray,9,REGULAR_SEASON,124.34,140.44,251386
Ballhogs2,Free Ryan Nassib,9,REGULAR_SEASON,122.66,85.86,251386
Free Ryan Nassib,Ballhogs2,9,REGULAR_SEASON,85.86,122.66,251386
Muffin Lords,Free Ryan Nassib,10,REGULAR_SEASON,74.7,88.98,251386
Free Ryan Nassib,Muffin Lords,10,REGULAR_SEASON,88.98,74.7,251386
J.O.B. squad,K G's Cool Team,10,REGULAR_SEASON,106.02,77.1,251386
K G's Cool Team,J.O.B. squad,10,REGULAR_SEASON,77.1,106.02,251386
Lockjaw Smith,Bukharin,10,REGULAR_SEASON,81.16,74.36,251386
Bukharin,Lockjaw Smith,10,REGULAR_SEASON,74.36,81.16,251386
The New York Grimes,TheFatLacySang,10,REGULAR_SEASON,98.14,89.82,251386
TheFatLacySang,The New York Grimes,10,REGULAR_SEASON,89.82,98.14,251386
Mac Demarco Murray,Los Pollos Hermanos,10,REGULAR_SEASON,72.38,96.16,251386
Los Pollos Hermanos,Mac Demarco Murray,10,REGULAR_SEASON,96.16,72.38,251386
Ballhogs2,Bengal Ball,10,REGULAR_SEASON,94.48,102.84,251386
Bengal Ball,Ballhogs2,10,REGULAR_SEASON,102.84,94.48,251386
Muffin Lords,Bengal Ball,11,REGULAR_SEASON,121.1,36.82,251386
Bengal Ball,Muffin Lords,11,REGULAR_SEASON,36.82,121.1,251386
J.O.B. squad,Los Pollos Hermanos,11,REGULAR_SEASON,90.28,80.48,251386
Los Pollos Hermanos,J.O.B. squad,11,REGULAR_SEASON,80.48,90.28,251386
Lockjaw Smith,Ballhogs2,11,REGULAR_SEASON,57.88,79.28,251386
Ballhogs2,Lockjaw Smith,11,REGULAR_SEASON,79.28,57.88,251386
The New York Grimes,K G's Cool Team,11,REGULAR_SEASON,86.7,80.18,251386
K G's Cool Team,The New York Grimes,11,REGULAR_SEASON,80.18,86.7,251386
Bukharin,TheFatLacySang,11,REGULAR_SEASON,78.74,84.78,251386
TheFatLacySang,Bukharin,11,REGULAR_SEASON,84.78,78.74,251386
Mac Demarco Murray,Free Ryan Nassib,11,REGULAR_SEASON,75.66,76.72,251386
Free Ryan Nassib,Mac Demarco Murray,11,REGULAR_SEASON,76.72,75.66,251386
Muffin Lords,Lockjaw Smith,12,REGULAR_SEASON,103.4,89.3,251386
Lockjaw Smith,Muffin Lords,12,REGULAR_SEASON,89.3,103.4,251386
J.O.B. squad,Free Ryan Nassib,12,REGULAR_SEASON,125.74,106.74,251386
Free Ryan Nassib,J.O.B. squad,12,REGULAR_SEASON,106.74,125.74,251386
The New York Grimes,Los Pollos Hermanos,12,REGULAR_SEASON,63.6,98.24,251386
Los Pollos Hermanos,The New York Grimes,12,REGULAR_SEASON,98.24,63.6,251386
Bukharin,Ballhogs2,12,REGULAR_SEASON,85.72,74.84,251386
Ballhogs2,Bukharin,12,REGULAR_SEASON,74.84,85.72,251386
Mac Demarco Murray,Bengal Ball,12,REGULAR_SEASON,124.6,113.84,251386
Bengal Ball,Mac Demarco Murray,12,REGULAR_SEASON,113.84,124.6,251386
TheFatLacySang,K G's Cool Team,12,REGULAR_SEASON,83.68,103.68,251386
K G's Cool Team,TheFatLacySang,12,REGULAR_SEASON,103.68,83.68,251386
Muffin Lords,Ballhogs2,13,REGULAR_SEASON,150.46,80.94,251386
Ballhogs2,Muffin Lords,13,REGULAR_SEASON,80.94,150.46,251386
J.O.B. squad,Bengal Ball,13,REGULAR_SEASON,137.6,71.78,251386
Bengal Ball,J.O.B. squad,13,REGULAR_SEASON,71.78,137.6,251386
Lockjaw Smith,Mac Demarco Murray,13,REGULAR_SEASON,99.38,102.12,251386
Mac Demarco Murray,Lockjaw Smith,13,REGULAR_SEASON,102.12,99.38,251386
The New York Grimes,Free Ryan Nassib,13,REGULAR_SEASON,109.66,75.04,251386
Free Ryan Nassib,The New York Grimes,13,REGULAR_SEASON,75.04,109.66,251386
Bukharin,K G's Cool Team,13,REGULAR_SEASON,106.64,109.8,251386
K G's Cool Team,Bukharin,13,REGULAR_SEASON,109.8,106.64,251386
TheFatLacySang,Los Pollos Hermanos,13,REGULAR_SEASON,72.32,83.4,251386
Los Pollos Hermanos,TheFatLacySang,13,REGULAR_SEASON,83.4,72.32,251386
Muffin Lords,Mac Demarco Murray,14,PLAYOFF,101.08,48.94,251386
Mac Demarco Murray,Muffin Lords,14,PLAYOFF,48.94,101.08,251386
J.O.B. squad,Lockjaw Smith,14,PLAYOFF,111.38,68.64,251386
Lockjaw Smith,J.O.B. squad,14,PLAYOFF,68.64,111.38,251386
Bukharin,K G's Cool Team,14,PLAYOFF,70.4,77.2,251386
K G's Cool Team,Bukharin,14,PLAYOFF,77.2,70.4,251386
Bengal Ball,Free Ryan Nassib,14,PLAYOFF,90.48,65.54,251386
Free Ryan Nassib,Bengal Ball,14,PLAYOFF,65.54,90.48,251386
Muffin Lords,Ballhogs2,15,PLAYOFF,144.76,101.96,251386
Ballhogs2,Muffin Lords,15,PLAYOFF,101.96,144.76,251386
J.O.B. squad,Los Pollos Hermanos,15,PLAYOFF,103.08,100.86,251386
Los Pollos Hermanos,J.O.B. squad,15,PLAYOFF,100.86,103.08,251386
Lockjaw Smith,Mac Demarco Murray,15,PLAYOFF,124.48,94.84,251386
Mac Demarco Murray,Lockjaw Smith,15,PLAYOFF,94.84,124.48,251386
The New York Grimes,K G's Cool Team,15,PLAYOFF,98.24,90.16,251386
K G's Cool Team,The New York Grimes,15,PLAYOFF,90.16,98.24,251386
Bukharin,Free Ryan Nassib,15,PLAYOFF,111.5,100.94,251386
Free Ryan Nassib,Bukharin,15,PLAYOFF,100.94,111.5,251386
TheFatLacySang,Bengal Ball,15,PLAYOFF,80.66,94.7,251386
Bengal Ball,TheFatLacySang,15,PLAYOFF,94.7,80.66,251386
Muffin Lords,J.O.B. squad,16,CHAMPIONSHIP,102.86,57.9,251386
J.O.B. squad,Muffin Lords,16,CHAMPIONSHIP,57.9,102.86,251386
The New York Grimes,Bengal Ball,16,PLAYOFF,98.04,82.86,251386
Bengal Ball,The New York Grimes,16,PLAYOFF,82.86,98.04,251386
Ballhogs2,Los Pollos Hermanos,16,PLAYOFF,82.3,89.14,251386
Los Pollos Hermanos,Ballhogs2,16,PLAYOFF,89.14,82.3,251386
TheFatLacySang,K G's Cool Team,16,PLAYOFF,61.14,96.14,251386
K G's Cool Team,TheFatLacySang,16,PLAYOFF,96.14,61.14,251386
Muffin Lords,LPH,1,REGULAR_SEASON,77.5,118.46,116119
LPH,Muffin Lords,1,REGULAR_SEASON,118.46,77.5,116119
Ballhogs2,UnableToGrowPubes,1,REGULAR_SEASON,109.22,115.9,116119
UnableToGrowPubes,Ballhogs2,1,REGULAR_SEASON,115.9,109.22,116119
Bengal Ball,J.O.B. squad,1,REGULAR_SEASON,88.34,94.14,116119
J.O.B. squad,Bengal Ball,1,REGULAR_SEASON,94.14,88.34,116119
JOB Squad,The New York Grimes,1,REGULAR_SEASON,118,105.46,116119
The New York Grimes,JOB Squad,1,REGULAR_SEASON,105.46,118,116119
Dak's Tow Cables,Bob the Great,1,REGULAR_SEASON,51.48,116.76,116119
Bob the Great,Dak's Tow Cables,1,REGULAR_SEASON,116.76,51.48,116119
K G's Kool Team,HACKenSLASHenBURG,1,REGULAR_SEASON,82.26,94.4,116119
HACKenSLASHenBURG,K G's Kool Team,1,REGULAR_SEASON,94.4,82.26,116119
Muffin Lords,Bengal Ball,2,REGULAR_SEASON,94.26,85.64,116119
Bengal Ball,Muffin Lords,2,REGULAR_SEASON,85.64,94.26,116119
Ballhogs2,JOB Squad,2,REGULAR_SEASON,103.82,90.24,116119
JOB Squad,Ballhogs2,2,REGULAR_SEASON,90.24,103.82,116119
Dak's Tow Cables,K G's Kool Team,2,REGULAR_SEASON,56,95.02,116119
K G's Kool Team,Dak's Tow Cables,2,REGULAR_SEASON,95.02,56,116119
J.O.B. squad,HACKenSLASHenBURG,2,REGULAR_SEASON,101.96,85.48,116119
HACKenSLASHenBURG,J.O.B. squad,2,REGULAR_SEASON,85.48,101.96,116119
LPH,The New York Grimes,2,REGULAR_SEASON,112.52,88.66,116119
The New York Grimes,LPH,2,REGULAR_SEASON,88.66,112.52,116119
Bob the Great,UnableToGrowPubes,2,REGULAR_SEASON,83.22,96.06,116119
UnableToGrowPubes,Bob the Great,2,REGULAR_SEASON,96.06,83.22,116119
Muffin Lords,The New York Grimes,3,REGULAR_SEASON,63.96,90.54,116119
The New York Grimes,Muffin Lords,3,REGULAR_SEASON,90.54,63.96,116119
Ballhogs2,LPH,3,REGULAR_SEASON,108.44,92,116119
LPH,Ballhogs2,3,REGULAR_SEASON,92,108.44,116119
Bengal Ball,HACKenSLASHenBURG,3,REGULAR_SEASON,134.84,75.54,116119
HACKenSLASHenBURG,Bengal Ball,3,REGULAR_SEASON,75.54,134.84,116119
JOB Squad,Bob the Great,3,REGULAR_SEASON,73.5,105.5,116119
Bob the Great,JOB Squad,3,REGULAR_SEASON,105.5,73.5,116119
Dak's Tow Cables,J.O.B. squad,3,REGULAR_SEASON,102.4,72.88,116119
J.O.B. squad,Dak's Tow Cables,3,REGULAR_SEASON,72.88,102.4,116119
K G's Kool Team,UnableToGrowPubes,3,REGULAR_SEASON,99.88,122.48,116119
UnableToGrowPubes,K G's Kool Team,3,REGULAR_SEASON,122.48,99.88,116119
Muffin Lords,HACKenSLASHenBURG,4,REGULAR_SEASON,117.08,100.46,116119
HACKenSLASHenBURG,Muffin Lords,4,REGULAR_SEASON,100.46,117.08,116119
Ballhogs2,The New York Grimes,4,REGULAR_SEASON,111.38,72.12,116119
The New York Grimes,Ballhogs2,4,REGULAR_SEASON,72.12,111.38,116119
Bengal Ball,Dak's Tow Cables,4,REGULAR_SEASON,120.24,82.52,116119
Dak's Tow Cables,Bengal Ball,4,REGULAR_SEASON,82.52,120.24,116119
JOB Squad,K G's Kool Team,4,REGULAR_SEASON,80.68,84.7,116119
K G's Kool Team,JOB Squad,4,REGULAR_SEASON,84.7,80.68,116119
J.O.B. squad,UnableToGrowPubes,4,REGULAR_SEASON,94.32,99.8,116119
UnableToGrowPubes,J.O.B. squad,4,REGULAR_SEASON,99.8,94.32,116119
LPH,Bob the Great,4,REGULAR_SEASON,73.86,95.44,116119
Bob the Great,LPH,4,REGULAR_SEASON,95.44,73.86,116119
Muffin Lords,Ballhogs2,5,REGULAR_SEASON,84.4,76.44,116119
Ballhogs2,Muffin Lords,5,REGULAR_SEASON,76.44,84.4,116119
Bengal Ball,UnableToGrowPubes,5,REGULAR_SEASON,74.26,110.34,116119
UnableToGrowPubes,Bengal Ball,5,REGULAR_SEASON,110.34,74.26,116119
JOB Squad,J.O.B. squad,5,REGULAR_SEASON,73.18,103.02,116119
J.O.B. squad,JOB Squad,5,REGULAR_SEASON,103.02,73.18,116119
Dak's Tow Cables,HACKenSLASHenBURG,5,REGULAR_SEASON,76.4,105.68,116119
HACKenSLASHenBURG,Dak's Tow Cables,5,REGULAR_SEASON,105.68,76.4,116119
K G's Kool Team,LPH,5,REGULAR_SEASON,77.66,132.08,116119
LPH,K G's Kool Team,5,REGULAR_SEASON,132.08,77.66,116119
Bob the Great,The New York Grimes,5,REGULAR_SEASON,103.46,70.1,116119
The New York Grimes,Bob the Great,5,REGULAR_SEASON,70.1,103.46,116119
Muffin Lords,Dak's Tow Cables,6,REGULAR_SEASON,56.94,102,116119
Dak's Tow Cables,Muffin Lords,6,REGULAR_SEASON,102,56.94,116119
Ballhogs2,Bob the Great,6,REGULAR_SEASON,107,132.76,116119
Bob the Great,Ballhogs2,6,REGULAR_SEASON,132.76,107,116119
Bengal Ball,JOB Squad,6,REGULAR_SEASON,112.36,66.92,116119
JOB Squad,Bengal Ball,6,REGULAR_SEASON,66.92,112.36,116119
J.O.B. squad,LPH,6,REGULAR_SEASON,58.02,91.1,116119
LPH,J.O.B. squad,6,REGULAR_SEASON,91.1,58.02,116119
K G's Kool Team,The New York Grimes,6,REGULAR_SEASON,87.68,115.62,116119
The New York Grimes,K G's Kool Team,6,REGULAR_SEASON,115.62,87.68,116119
HACKenSLASHenBURG,UnableToGrowPubes,6,REGULAR_SEASON,80.28,69.56,116119
UnableToGrowPubes,HACKenSLASHenBURG,6,REGULAR_SEASON,69.56,80.28,116119
Muffin Lords,Bob the Great,7,REGULAR_SEASON,60.94,119.34,116119
Bob the Great,Muffin Lords,7,REGULAR_SEASON,119.34,60.94,116119
Ballhogs2,K G's Kool Team,7,REGULAR_SEASON,128.68,81.06,116119
K G's Kool Team,Ballhogs2,7,REGULAR_SEASON,81.06,128.68,116119
Bengal Ball,LPH,7,REGULAR_SEASON,54.02,111.22,116119
LPH,Bengal Ball,7,REGULAR_SEASON,111.22,54.02,116119
JOB Squad,HACKenSLASHenBURG,7,REGULAR_SEASON,119.46,80.32,116119
HACKenSLASHenBURG,JOB Squad,7,REGULAR_SEASON,80.32,119.46,116119
Dak's Tow Cables,UnableToGrowPubes,7,REGULAR_SEASON,58.44,111.98,116119
UnableToGrowPubes,Dak's Tow Cables,7,REGULAR_SEASON,111.98,58.44,116119
J.O.B. squad,The New York Grimes,7,REGULAR_SEASON,102.08,131.44,116119
The New York Grimes,J.O.B. squad,7,REGULAR_SEASON,131.44,102.08,116119
Muffin Lords,UnableToGrowPubes,8,REGULAR_SEASON,142.82,90.5,116119
UnableToGrowPubes,Muffin Lords,8,REGULAR_SEASON,90.5,142.82,116119
Ballhogs2,J.O.B. squad,8,REGULAR_SEASON,86.8,88.4,116119
J.O.B. squad,Ballhogs2,8,REGULAR_SEASON,88.4,86.8,116119
Bengal Ball,The New York Grimes,8,REGULAR_SEASON,73.36,96.62,116119
The New York Grimes,Bengal Ball,8,REGULAR_SEASON,96.62,73.36,116119
JOB Squad,Dak's Tow Cables,8,REGULAR_SEASON,91.7,79.58,116119
Dak's Tow Cables,JOB Squad,8,REGULAR_SEASON,79.58,91.7,116119
K G's Kool Team,Bob the Great,8,REGULAR_SEASON,72.18,86.84,116119
Bob the Great,K G's Kool Team,8,REGULAR_SEASON,86.84,72.18,116119
HACKenSLASHenBURG,LPH,8,REGULAR_SEASON,104.5,98.62,116119
LPH,HACKenSLASHenBURG,8,REGULAR_SEASON,98.62,104.5,116119
Muffin Lords,K G's Kool Team,9,REGULAR_SEASON,76.98,102.1,116119
K G's Kool Team,Muffin Lords,9,REGULAR_SEASON,102.1,76.98,116119
Ballhogs2,Bengal Ball,9,REGULAR_SEASON,129.92,72.06,116119
Bengal Ball,Ballhogs2,9,REGULAR_SEASON,72.06,129.92,116119
JOB Squad,UnableToGrowPubes,9,REGULAR_SEASON,90.36,94.52,116119
UnableToGrowPubes,JOB Squad,9,REGULAR_SEASON,94.52,90.36,116119
Dak's Tow Cables,LPH,9,REGULAR_SEASON,61.78,151.46,116119
LPH,Dak's Tow Cables,9,REGULAR_SEASON,151.46,61.78,116119
J.O.B. squad,Bob the Great,9,REGULAR_SEASON,96.02,126.18,116119
Bob the Great,J.O.B. squad,9,REGULAR_SEASON,126.18,96.02,116119
HACKenSLASHenBURG,The New York Grimes,9,REGULAR_SEASON,80.44,92.2,116119
The New York Grimes,HACKenSLASHenBURG,9,REGULAR_SEASON,92.2,80.44,116119
Muffin Lords,JOB Squad,10,REGULAR_SEASON,80.64,83.12,116119
JOB Squad,Muffin Lords,10,REGULAR_SEASON,83.12,80.64,116119
Ballhogs2,HACKenSLASHenBURG,10,REGULAR_SEASON,122.92,82.32,116119
HACKenSLASHenBURG,Ballhogs2,10,REGULAR_SEASON,82.32,122.92,116119
Bengal Ball,Bob the Great,10,REGULAR_SEASON,88.16,114.64,116119
Bob the Great,Bengal Ball,10,REGULAR_SEASON,114.64,88.16,116119
Dak's Tow Cables,The New York Grimes,10,REGULAR_SEASON,86.82,80.34,116119
The New York Grimes,Dak's Tow Cables,10,REGULAR_SEASON,80.34,86.82,116119
J.O.B. squad,K G's Kool Team,10,REGULAR_SEASON,114.1,91.74,116119
K G's Kool Team,J.O.B. squad,10,REGULAR_SEASON,91.74,114.1,116119
LPH,UnableToGrowPubes,10,REGULAR_SEASON,110.58,89.74,116119
UnableToGrowPubes,LPH,10,REGULAR_SEASON,89.74,110.58,116119
Muffin Lords,J.O.B. squad,11,REGULAR_SEASON,87.72,124.9,116119
J.O.B. squad,Muffin Lords,11,REGULAR_SEASON,124.9,87.72,116119
Ballhogs2,Dak's Tow Cables,11,REGULAR_SEASON,69,103.84,116119
Dak's Tow Cables,Ballhogs2,11,REGULAR_SEASON,103.84,69,116119
Bengal Ball,K G's Kool Team,11,REGULAR_SEASON,70.78,77.48,116119
K G's Kool Team,Bengal Ball,11,REGULAR_SEASON,77.48,70.78,116119
JOB Squad,LPH,11,REGULAR_SEASON,70.58,73,116119
LPH,JOB Squad,11,REGULAR_SEASON,73,70.58,116119
HACKenSLASHenBURG,Bob the Great,11,REGULAR_SEASON,71.38,94.34,116119
Bob the Great,HACKenSLASHenBURG,11,REGULAR_SEASON,94.34,71.38,116119
The New York Grimes,UnableToGrowPubes,11,REGULAR_SEASON,111.5,96.2,116119
UnableToGrowPubes,The New York Grimes,11,REGULAR_SEASON,96.2,111.5,116119
Muffin Lords,LPH,12,REGULAR_SEASON,93.36,108.6,116119
LPH,Muffin Lords,12,REGULAR_SEASON,108.6,93.36,116119
Ballhogs2,UnableToGrowPubes,12,REGULAR_SEASON,133.6,72.14,116119
UnableToGrowPubes,Ballhogs2,12,REGULAR_SEASON,72.14,133.6,116119
Bengal Ball,J.O.B. squad,12,REGULAR_SEASON,105.46,79.74,116119
J.O.B. squad,Bengal Ball,12,REGULAR_SEASON,79.74,105.46,116119
JOB Squad,The New York Grimes,12,REGULAR_SEASON,82.34,79.66,116119
The New York Grimes,JOB Squad,12,REGULAR_SEASON,79.66,82.34,116119
Dak's Tow Cables,Bob the Great,12,REGULAR_SEASON,91.3,114.42,116119
Bob the Great,Dak's Tow Cables,12,REGULAR_SEASON,114.42,91.3,116119
K G's Kool Team,HACKenSLASHenBURG,12,REGULAR_SEASON,87.24,85.94,116119
HACKenSLASHenBURG,K G's Kool Team,12,REGULAR_SEASON,85.94,87.24,116119
Muffin Lords,Bengal Ball,13,REGULAR_SEASON,106.6,76.1,116119
Bengal Ball,Muffin Lords,13,REGULAR_SEASON,76.1,106.6,116119
Ballhogs2,JOB Squad,13,REGULAR_SEASON,101.64,76.94,116119
JOB Squad,Ballhogs2,13,REGULAR_SEASON,76.94,101.64,116119
Dak's Tow Cables,K G's Kool Team,13,REGULAR_SEASON,88.86,74.48,116119
K G's Kool Team,Dak's Tow Cables,13,REGULAR_SEASON,74.48,88.86,116119
J.O.B. squad,HACKenSLASHenBURG,13,REGULAR_SEASON,91.06,98.48,116119
HACKenSLASHenBURG,J.O.B. squad,13,REGULAR_SEASON,98.48,91.06,116119
LPH,The New York Grimes,13,REGULAR_SEASON,88.28,73.6,116119
The New York Grimes,LPH,13,REGULAR_SEASON,73.6,88.28,116119
Bob the Great,UnableToGrowPubes,13,REGULAR_SEASON,111.36,69.96,116119
UnableToGrowPubes,Bob the Great,13,REGULAR_SEASON,69.96,111.36,116119
Ballhogs2,The New York Grimes,14,PLAYOFF,68.28,71.36,116119
The New York Grimes,Ballhogs2,14,PLAYOFF,71.36,68.28,116119
Bengal Ball,JOB Squad,14,PLAYOFF,101.42,66.72,116119
JOB Squad,Bengal Ball,14,PLAYOFF,66.72,101.42,116119
Dak's Tow Cables,K G's Kool Team,14,PLAYOFF,51.6,51.5,116119
K G's Kool Team,Dak's Tow Cables,14,PLAYOFF,51.5,51.6,116119
J.O.B. squad,UnableToGrowPubes,14,PLAYOFF,113.76,135.34,116119
UnableToGrowPubes,J.O.B. squad,14,PLAYOFF,135.34,113.76,116119
Muffin Lords,Bengal Ball,15,PLAYOFF,97.92,94.14,116119
Bengal Ball,Muffin Lords,15,PLAYOFF,94.14,97.92,116119
Ballhogs2,J.O.B. squad,15,PLAYOFF,97.76,77.74,116119
J.O.B. squad,Ballhogs2,15,PLAYOFF,77.74,97.76,116119
JOB Squad,K G's Kool Team,15,PLAYOFF,57.72,79.5,116119
K G's Kool Team,JOB Squad,15,PLAYOFF,79.5,57.72,116119
Dak's Tow Cables,HACKenSLASHenBURG,15,PLAYOFF,84.66,87.96,116119
HACKenSLASHenBURG,Dak's Tow Cables,15,PLAYOFF,87.96,84.66,116119
LPH,The New York Grimes,15,PLAYOFF,84.84,128.4,116119
The New York Grimes,LPH,15,PLAYOFF,128.4,84.84,116119
Bob the Great,UnableToGrowPubes,15,PLAYOFF,77.98,77.72,116119
UnableToGrowPubes,Bob the Great,15,PLAYOFF,77.72,77.98,116119
Muffin Lords,HACKenSLASHenBURG,16,PLAYOFF,72.16,108.2,116119
HACKenSLASHenBURG,Muffin Lords,16,PLAYOFF,108.2,72.16,116119
Bengal Ball,Dak's Tow Cables,16,PLAYOFF,74.44,107.88,116119
Dak's Tow Cables,Bengal Ball,16,PLAYOFF,107.88,74.44,116119
LPH,UnableToGrowPubes,16,PLAYOFF,85.68,70.46,116119
UnableToGrowPubes,LPH,16,PLAYOFF,70.46,85.68,116119
Bob the Great,The New York Grimes,16,CHAMPIONSHIP,142.78,75.08,116119
The New York Grimes,Bob the Great,16,CHAMPIONSHIP,75.08,142.78,116119
Muffin Lords,Game of Zones,1,REGULAR_SEASON,100.94,115.68,166438
Game of Zones,Muffin Lords,1,REGULAR_SEASON,115.68,100.94,166438
Ballhogs2,The New York Grimes,1,REGULAR_SEASON,77.48,67.48,166438
The New York Grimes,Ballhogs2,1,REGULAR_SEASON,67.48,77.48,166438
The Great Bob,J.O.B. squad,1,REGULAR_SEASON,75.84,71.02,166438
J.O.B. squad,The Great Bob,1,REGULAR_SEASON,71.02,75.84,166438
Dak's Tow Cables,Curse Of The Rexbino,1,REGULAR_SEASON,77.9,85.78,166438
Curse Of The Rexbino,Dak's Tow Cables,1,REGULAR_SEASON,85.78,77.9,166438
LPCP,K G's Kool Team,1,REGULAR_SEASON,116.74,93.54,166438
K G's Kool Team,LPCP,1,REGULAR_SEASON,93.54,116.74,166438
Shootin for 6th,Devonta Freefolk,1,REGULAR_SEASON,60.54,98.08,166438
Devonta Freefolk,Shootin for 6th,1,REGULAR_SEASON,98.08,60.54,166438
Muffin Lords,LPCP,2,REGULAR_SEASON,78.82,83.8,166438
LPCP,Muffin Lords,2,REGULAR_SEASON,83.8,78.82,166438
Ballhogs2,Game of Zones,2,REGULAR_SEASON,90.24,85.16,166438
Game of Zones,Ballhogs2,2,REGULAR_SEASON,85.16,90.24,166438
The Great Bob,Dak's Tow Cables,2,REGULAR_SEASON,100.88,65.56,166438
Dak's Tow Cables,The Great Bob,2,REGULAR_SEASON,65.56,100.88,166438
Curse Of The Rexbino,The New York Grimes,2,REGULAR_SEASON,121.78,81.38,166438
The New York Grimes,Curse Of The Rexbino,2,REGULAR_SEASON,81.38,121.78,166438
J.O.B. squad,Shootin for 6th,2,REGULAR_SEASON,93.22,106.44,166438
Shootin for 6th,J.O.B. squad,2,REGULAR_SEASON,106.44,93.22,166438
K G's Kool Team,Devonta Freefolk,2,REGULAR_SEASON,74.32,93.32,166438
Devonta Freefolk,K G's Kool Team,2,REGULAR_SEASON,93.32,74.32,166438
Muffin Lords,Ballhogs2,3,REGULAR_SEASON,69.52,108.98,166438
Ballhogs2,Muffin Lords,3,REGULAR_SEASON,108.98,69.52,166438
Game of Zones,Curse Of The Rexbino,3,REGULAR_SEASON,103.22,123.32,166438
Curse Of The Rexbino,Game of Zones,3,REGULAR_SEASON,123.32,103.22,166438
The Great Bob,The New York Grimes,3,REGULAR_SEASON,62.06,87.46,166438
The New York Grimes,The Great Bob,3,REGULAR_SEASON,87.46,62.06,166438
Dak's Tow Cables,Shootin for 6th,3,REGULAR_SEASON,113.6,103.7,166438
Shootin for 6th,Dak's Tow Cables,3,REGULAR_SEASON,103.7,113.6,166438
J.O.B. squad,K G's Kool Team,3,REGULAR_SEASON,34.3,87.38,166438
K G's Kool Team,J.O.B. squad,3,REGULAR_SEASON,87.38,34.3,166438
LPCP,Devonta Freefolk,3,REGULAR_SEASON,101.1,77.34,166438
Devonta Freefolk,LPCP,3,REGULAR_SEASON,77.34,101.1,166438
Muffin Lords,Curse Of The Rexbino,4,REGULAR_SEASON,70.16,108.08,166438
Curse Of The Rexbino,Muffin Lords,4,REGULAR_SEASON,108.08,70.16,166438
Ballhogs2,LPCP,4,REGULAR_SEASON,69.38,105.44,166438
LPCP,Ballhogs2,4,REGULAR_SEASON,105.44,69.38,166438
Game of Zones,The Great Bob,4,REGULAR_SEASON,93.58,84.78,166438
The Great Bob,Game of Zones,4,REGULAR_SEASON,84.78,93.58,166438
Dak's Tow Cables,K G's Kool Team,4,REGULAR_SEASON,84,91.6,166438
K G's Kool Team,Dak's Tow Cables,4,REGULAR_SEASON,91.6,84,166438
J.O.B. squad,Devonta Freefolk,4,REGULAR_SEASON,99.28,75.68,166438
Devonta Freefolk,J.O.B. squad,4,REGULAR_SEASON,75.68,99.28,166438
Shootin for 6th,The New York Grimes,4,REGULAR_SEASON,90.42,92.96,166438
The New York Grimes,Shootin for 6th,4,REGULAR_SEASON,92.96,90.42,166438
Muffin Lords,The Great Bob,5,REGULAR_SEASON,86.34,108,166438
The Great Bob,Muffin Lords,5,REGULAR_SEASON,108,86.34,166438
Ballhogs2,Curse Of The Rexbino,5,REGULAR_SEASON,72.52,49.82,166438
Curse Of The Rexbino,Ballhogs2,5,REGULAR_SEASON,49.82,72.52,166438
Game of Zones,Shootin for 6th,5,REGULAR_SEASON,94.46,71.36,166438
Shootin for 6th,Game of Zones,5,REGULAR_SEASON,71.36,94.46,166438
Dak's Tow Cables,Devonta Freefolk,5,REGULAR_SEASON,98.84,97.66,166438
Devonta Freefolk,Dak's Tow Cables,5,REGULAR_SEASON,97.66,98.84,166438
J.O.B. squad,LPCP,5,REGULAR_SEASON,93.84,100.26,166438
LPCP,J.O.B. squad,5,REGULAR_SEASON,100.26,93.84,166438
K G's Kool Team,The New York Grimes,5,REGULAR_SEASON,103.42,78.86,166438
The New York Grimes,K G's Kool Team,5,REGULAR_SEASON,78.86,103.42,166438
Muffin Lords,Shootin for 6th,6,REGULAR_SEASON,83.12,43.84,166438
Shootin for 6th,Muffin Lords,6,REGULAR_SEASON,43.84,83.12,166438
Ballhogs2,The Great Bob,6,REGULAR_SEASON,116.42,108.42,166438
The Great Bob,Ballhogs2,6,REGULAR_SEASON,108.42,116.42,166438
Game of Zones,K G's Kool Team,6,REGULAR_SEASON,72.54,113.56,166438
K G's Kool Team,Game of Zones,6,REGULAR_SEASON,113.56,72.54,166438
Dak's Tow Cables,J.O.B. squad,6,REGULAR_SEASON,96.2,97.62,166438
J.O.B. squad,Dak's Tow Cables,6,REGULAR_SEASON,97.62,96.2,166438
Curse Of The Rexbino,LPCP,6,REGULAR_SEASON,76.78,64.74,166438
LPCP,Curse Of The Rexbino,6,REGULAR_SEASON,64.74,76.78,166438
The New York Grimes,Devonta Freefolk,6,REGULAR_SEASON,77.38,100.48,166438
Devonta Freefolk,The New York Grimes,6,REGULAR_SEASON,100.48,77.38,166438
Muffin Lords,K G's Kool Team,7,REGULAR_SEASON,65.38,69.66,166438
K G's Kool Team,Muffin Lords,7,REGULAR_SEASON,69.66,65.38,166438
Ballhogs2,Shootin for 6th,7,REGULAR_SEASON,67.52,79.14,166438
Shootin for 6th,Ballhogs2,7,REGULAR_SEASON,79.14,67.52,166438
Game of Zones,Devonta Freefolk,7,REGULAR_SEASON,136.28,116.12,166438
Devonta Freefolk,Game of Zones,7,REGULAR_SEASON,116.12,136.28,166438
The Great Bob,Curse Of The Rexbino,7,REGULAR_SEASON,79.42,104.06,166438
Curse Of The Rexbino,The Great Bob,7,REGULAR_SEASON,104.06,79.42,166438
Dak's Tow Cables,LPCP,7,REGULAR_SEASON,71.12,78.32,166438
LPCP,Dak's Tow Cables,7,REGULAR_SEASON,78.32,71.12,166438
J.O.B. squad,The New York Grimes,7,REGULAR_SEASON,107.86,71.22,166438
The New York Grimes,J.O.B. squad,7,REGULAR_SEASON,71.22,107.86,166438
Muffin Lords,Devonta Freefolk,8,REGULAR_SEASON,114.72,114.84,166438
Devonta Freefolk,Muffin Lords,8,REGULAR_SEASON,114.84,114.72,166438
Ballhogs2,K G's Kool Team,8,REGULAR_SEASON,91.78,119.78,166438
K G's Kool Team,Ballhogs2,8,REGULAR_SEASON,119.78,91.78,166438
Game of Zones,J.O.B. squad,8,REGULAR_SEASON,80.9,76.52,166438
J.O.B. squad,Game of Zones,8,REGULAR_SEASON,76.52,80.9,166438
The Great Bob,LPCP,8,REGULAR_SEASON,111.86,86.28,166438
LPCP,The Great Bob,8,REGULAR_SEASON,86.28,111.86,166438
Dak's Tow Cables,The New York Grimes,8,REGULAR_SEASON,62.22,114.3,166438
The New York Grimes,Dak's Tow Cables,8,REGULAR_SEASON,114.3,62.22,166438
Curse Of The Rexbino,Shootin for 6th,8,REGULAR_SEASON,75.62,49.06,166438
Shootin for 6th,Curse Of The Rexbino,8,REGULAR_SEASON,49.06,75.62,166438
Muffin Lords,J.O.B. squad,9,REGULAR_SEASON,72.42,112.56,166438
J.O.B. squad,Muffin Lords,9,REGULAR_SEASON,112.56,72.42,166438
Ballhogs2,Devonta Freefolk,9,REGULAR_SEASON,91.34,89.46,166438
Devonta Freefolk,Ballhogs2,9,REGULAR_SEASON,89.46,91.34,166438
Game of Zones,Dak's Tow Cables,9,REGULAR_SEASON,83.78,64.48,166438
Dak's Tow Cables,Game of Zones,9,REGULAR_SEASON,64.48,83.78,166438
The Great Bob,Shootin for 6th,9,REGULAR_SEASON,105.18,98.22,166438
Shootin for 6th,The Great Bob,9,REGULAR_SEASON,98.22,105.18,166438
Curse Of The Rexbino,K G's Kool Team,9,REGULAR_SEASON,87.9,87.78,166438
K G's Kool Team,Curse Of The Rexbino,9,REGULAR_SEASON,87.78,87.9,166438
LPCP,The New York Grimes,9,REGULAR_SEASON,58.12,73.74,166438
The New York Grimes,LPCP,9,REGULAR_SEASON,73.74,58.12,166438
Muffin Lords,Dak's Tow Cables,10,REGULAR_SEASON,74.08,67.24,166438
Dak's Tow Cables,Muffin Lords,10,REGULAR_SEASON,67.24,74.08,166438
Ballhogs2,J.O.B. squad,10,REGULAR_SEASON,112.1,99.74,166438
J.O.B. squad,Ballhogs2,10,REGULAR_SEASON,99.74,112.1,166438
Game of Zones,The New York Grimes,10,REGULAR_SEASON,92.42,111.86,166438
The New York Grimes,Game of Zones,10,REGULAR_SEASON,111.86,92.42,166438
The Great Bob,K G's Kool Team,10,REGULAR_SEASON,80.76,81.02,166438
K G's Kool Team,The Great Bob,10,REGULAR_SEASON,81.02,80.76,166438
Curse Of The Rexbino,Devonta Freefolk,10,REGULAR_SEASON,91.44,127.58,166438
Devonta Freefolk,Curse Of The Rexbino,10,REGULAR_SEASON,127.58,91.44,166438
LPCP,Shootin for 6th,10,REGULAR_SEASON,71.76,72.86,166438
Shootin for 6th,LPCP,10,REGULAR_SEASON,72.86,71.76,166438
Muffin Lords,The New York Grimes,11,REGULAR_SEASON,64.02,76.46,166438
The New York Grimes,Muffin Lords,11,REGULAR_SEASON,76.46,64.02,166438
Ballhogs2,Dak's Tow Cables,11,REGULAR_SEASON,88,77.46,166438
Dak's Tow Cables,Ballhogs2,11,REGULAR_SEASON,77.46,88,166438
Game of Zones,LPCP,11,REGULAR_SEASON,113.28,125.64,166438
LPCP,Game of Zones,11,REGULAR_SEASON,125.64,113.28,166438
The Great Bob,Devonta Freefolk,11,REGULAR_SEASON,85.1,140.82,166438
Devonta Freefolk,The Great Bob,11,REGULAR_SEASON,140.82,85.1,166438
Curse Of The Rexbino,J.O.B. squad,11,REGULAR_SEASON,121.5,70.2,166438
J.O.B. squad,Curse Of The Rexbino,11,REGULAR_SEASON,70.2,121.5,166438
K G's Kool Team,Shootin for 6th,11,REGULAR_SEASON,91.72,69,166438
Shootin for 6th,K G's Kool Team,11,REGULAR_SEASON,69,91.72,166438
Muffin Lords,Game of Zones,12,REGULAR_SEASON,76.24,136.86,166438
Game of Zones,Muffin Lords,12,REGULAR_SEASON,136.86,76.24,166438
Ballhogs2,The New York Grimes,12,REGULAR_SEASON,101.66,75.5,166438
The New York Grimes,Ballhogs2,12,REGULAR_SEASON,75.5,101.66,166438
The Great Bob,J.O.B. squad,12,REGULAR_SEASON,85.92,116.56,166438
J.O.B. squad,The Great Bob,12,REGULAR_SEASON,116.56,85.92,166438
Dak's Tow Cables,Curse Of The Rexbino,12,REGULAR_SEASON,70.22,96.78,166438
Curse Of The Rexbino,Dak's Tow Cables,12,REGULAR_SEASON,96.78,70.22,166438
LPCP,K G's Kool Team,12,REGULAR_SEASON,126.86,83.62,166438
K G's Kool Team,LPCP,12,REGULAR_SEASON,83.62,126.86,166438
Shootin for 6th,Devonta Freefolk,12,REGULAR_SEASON,80.54,86.48,166438
Devonta Freefolk,Shootin for 6th,12,REGULAR_SEASON,86.48,80.54,166438
Muffin Lords,LPCP,13,REGULAR_SEASON,69,112.2,166438
LPCP,Muffin Lords,13,REGULAR_SEASON,112.2,69,166438
Ballhogs2,Game of Zones,13,REGULAR_SEASON,105.56,59.68,166438
Game of Zones,Ballhogs2,13,REGULAR_SEASON,59.68,105.56,166438
The Great Bob,Dak's Tow Cables,13,REGULAR_SEASON,93.62,65.74,166438
Dak's Tow Cables,The Great Bob,13,REGULAR_SEASON,65.74,93.62,166438
Curse Of The Rexbino,The New York Grimes,13,REGULAR_SEASON,95.32,70.68,166438
The New York Grimes,Curse Of The Rexbino,13,REGULAR_SEASON,70.68,95.32,166438
J.O.B. squad,Shootin for 6th,13,REGULAR_SEASON,133.34,71.16,166438
Shootin for 6th,J.O.B. squad,13,REGULAR_SEASON,71.16,133.34,166438
K G's Kool Team,Devonta Freefolk,13,REGULAR_SEASON,97.48,105.82,166438
Devonta Freefolk,K G's Kool Team,13,REGULAR_SEASON,105.82,97.48,166438
Muffin Lords,Shootin for 6th,14,PLAYOFF,73.1,105.44,166438
Shootin for 6th,Muffin Lords,14,PLAYOFF,105.44,73.1,166438
Game of Zones,LPCP,14,PLAYOFF,64.74,87.66,166438
LPCP,Game of Zones,14,PLAYOFF,87.66,64.74,166438
Dak's Tow Cables,The New York Grimes,14,PLAYOFF,66.94,88.84,166438
The New York Grimes,Dak's Tow Cables,14,PLAYOFF,88.84,66.94,166438
K G's Kool Team,Devonta Freefolk,14,PLAYOFF,119.14,101.74,166438
Devonta Freefolk,K G's Kool Team,14,PLAYOFF,101.74,119.14,166438
Muffin Lords,Dak's Tow Cables,15,PLAYOFF,105.46,69.54,166438
Dak's Tow Cables,Muffin Lords,15,PLAYOFF,69.54,105.46,166438
Ballhogs2,LPCP,15,PLAYOFF,95.28,87.74,166438
LPCP,Ballhogs2,15,PLAYOFF,87.74,95.28,166438
Game of Zones,Devonta Freefolk,15,PLAYOFF,101.34,117.28,166438
Devonta Freefolk,Game of Zones,15,PLAYOFF,117.28,101.34,166438
The Great Bob,The New York Grimes,15,PLAYOFF,96.88,82.78,166438
The New York Grimes,The Great Bob,15,PLAYOFF,82.78,96.88,166438
Curse Of The Rexbino,K G's Kool Team,15,PLAYOFF,142.82,69.48,166438
K G's Kool Team,Curse Of The Rexbino,15,PLAYOFF,69.48,142.82,166438
J.O.B. squad,Shootin for 6th,15,PLAYOFF,109.98,47.74,166438
Shootin for 6th,J.O.B. squad,15,PLAYOFF,47.74,109.98,166438
Ballhogs2,Curse Of The Rexbino,16,CHAMPIONSHIP,88.9,102.56,166438
Curse Of The Rexbino,Ballhogs2,16,CHAMPIONSHIP,102.56,88.9,166438
The Great Bob,J.O.B. squad,16,PLAYOFF,86.4,98.24,166438
J.O.B. squad,The Great Bob,16,PLAYOFF,98.24,86.4,166438
LPCP,K G's Kool Team,16,PLAYOFF,118.68,49.62,166438
K G's Kool Team,LPCP,16,PLAYOFF,49.62,118.68,166438
Shootin for 6th,The New York Grimes,16,PLAYOFF,54.56,56.52,166438
The New York Grimes,Shootin for 6th,16,PLAYOFF,56.52,54.56,166438
Muffin Lords,Game of Zones,1,REGULAR_SEASON,104.64,126.36,102154
Game of Zones,Muffin Lords,1,REGULAR_SEASON,126.36,104.64,102154
Ballhogs2,It’s Always Sony,1,REGULAR_SEASON,70.16,107.26,102154
It’s Always Sony,Ballhogs2,1,REGULAR_SEASON,107.26,70.16,102154
Curse Of The Rexbino,LPCP,1,REGULAR_SEASON,109.94,93.8,102154
LPCP,Curse Of The Rexbino,1,REGULAR_SEASON,93.8,109.94,102154
Powell for President,Ray Rice Plays Nice,1,REGULAR_SEASON,111.94,98.52,102154
Ray Rice Plays Nice,Powell for President,1,REGULAR_SEASON,98.52,111.94,102154
Beat by the Bell,Robert Woods Johnson,1,REGULAR_SEASON,116.16,97.34,102154
Robert Woods Johnson,Beat by the Bell,1,REGULAR_SEASON,97.34,116.16,102154
Beats by Bell,Chip Kelly,1,REGULAR_SEASON,92.34,103.58,102154
Chip Kelly,Beats by Bell,1,REGULAR_SEASON,103.58,92.34,102154
Muffin Lords,Beat by the Bell,2,REGULAR_SEASON,108.58,90.44,102154
Beat by the Bell,Muffin Lords,2,REGULAR_SEASON,90.44,108.58,102154
Ballhogs2,Robert Woods Johnson,2,REGULAR_SEASON,79.38,101.58,102154
Robert Woods Johnson,Ballhogs2,2,REGULAR_SEASON,101.58,79.38,102154
Curse Of The Rexbino,Beats by Bell,2,REGULAR_SEASON,89.94,112,102154
Beats by Bell,Curse Of The Rexbino,2,REGULAR_SEASON,112,89.94,102154
Powell for President,Game of Zones,2,REGULAR_SEASON,90.34,119.4,102154
Game of Zones,Powell for President,2,REGULAR_SEASON,119.4,90.34,102154
Ray Rice Plays Nice,LPCP,2,REGULAR_SEASON,91.92,104.58,102154
LPCP,Ray Rice Plays Nice,2,REGULAR_SEASON,104.58,91.92,102154
It’s Always Sony,Chip Kelly,2,REGULAR_SEASON,97.82,110,102154
Chip Kelly,It’s Always Sony,2,REGULAR_SEASON,110,97.82,102154
Muffin Lords,Powell for President,3,REGULAR_SEASON,80.18,107.38,102154
Powell for President,Muffin Lords,3,REGULAR_SEASON,107.38,80.18,102154
Ballhogs2,Beat by the Bell,3,REGULAR_SEASON,76.4,124.24,102154
Beat by the Bell,Ballhogs2,3,REGULAR_SEASON,124.24,76.4,102154
Curse Of The Rexbino,It’s Always Sony,3,REGULAR_SEASON,98.06,75.14,102154
It’s Always Sony,Curse Of The Rexbino,3,REGULAR_SEASON,75.14,98.06,102154
Ray Rice Plays Nice,Beats by Bell,3,REGULAR_SEASON,65.8,75.7,102154
Beats by Bell,Ray Rice Plays Nice,3,REGULAR_SEASON,75.7,65.8,102154
Game of Zones,LPCP,3,REGULAR_SEASON,95.64,88.42,102154
LPCP,Game of Zones,3,REGULAR_SEASON,88.42,95.64,102154
Chip Kelly,Robert Woods Johnson,3,REGULAR_SEASON,65.02,114.86,102154
Robert Woods Johnson,Chip Kelly,3,REGULAR_SEASON,114.86,65.02,102154
Muffin Lords,Ballhogs2,4,REGULAR_SEASON,98.68,88.6,102154
Ballhogs2,Muffin Lords,4,REGULAR_SEASON,88.6,98.68,102154
Curse Of The Rexbino,Robert Woods Johnson,4,REGULAR_SEASON,91.06,145.86,102154
Robert Woods Johnson,Curse Of The Rexbino,4,REGULAR_SEASON,145.86,91.06,102154
Powell for President,LPCP,4,REGULAR_SEASON,126.12,99.76,102154
LPCP,Powell for President,4,REGULAR_SEASON,99.76,126.12,102154
Ray Rice Plays Nice,It’s Always Sony,4,REGULAR_SEASON,78.82,92.88,102154
It’s Always Sony,Ray Rice Plays Nice,4,REGULAR_SEASON,92.88,78.82,102154
Game of Zones,Beats by Bell,4,REGULAR_SEASON,115.16,103.1,102154
Beats by Bell,Game of Zones,4,REGULAR_SEASON,103.1,115.16,102154
Beat by the Bell,Chip Kelly,4,REGULAR_SEASON,89.4,97.16,102154
Chip Kelly,Beat by the Bell,4,REGULAR_SEASON,97.16,89.4,102154
Muffin Lords,LPCP,5,REGULAR_SEASON,91.82,129.6,102154
LPCP,Muffin Lords,5,REGULAR_SEASON,129.6,91.82,102154
Ballhogs2,Chip Kelly,5,REGULAR_SEASON,124.78,99.78,102154
Chip Kelly,Ballhogs2,5,REGULAR_SEASON,99.78,124.78,102154
Curse Of The Rexbino,Beat by the Bell,5,REGULAR_SEASON,88.52,77.96,102154
Beat by the Bell,Curse Of The Rexbino,5,REGULAR_SEASON,77.96,88.52,102154
Powell for President,Beats by Bell,5,REGULAR_SEASON,78.98,97.1,102154
Beats by Bell,Powell for President,5,REGULAR_SEASON,97.1,78.98,102154
Ray Rice Plays Nice,Robert Woods Johnson,5,REGULAR_SEASON,68.44,99.5,102154
Robert Woods Johnson,Ray Rice Plays Nice,5,REGULAR_SEASON,99.5,68.44,102154
Game of Zones,It’s Always Sony,5,REGULAR_SEASON,88.74,101.42,102154
It’s Always Sony,Game of Zones,5,REGULAR_SEASON,101.42,88.74,102154
Muffin Lords,Chip Kelly,6,REGULAR_SEASON,122.72,79.9,102154
Chip Kelly,Muffin Lords,6,REGULAR_SEASON,79.9,122.72,102154
Ballhogs2,Curse Of The Rexbino,6,REGULAR_SEASON,94.96,94.28,102154
Curse Of The Rexbino,Ballhogs2,6,REGULAR_SEASON,94.28,94.96,102154
Powell for President,It’s Always Sony,6,REGULAR_SEASON,115.7,95.24,102154
It’s Always Sony,Powell for President,6,REGULAR_SEASON,95.24,115.7,102154
Ray Rice Plays Nice,Beat by the Bell,6,REGULAR_SEASON,100.22,88.28,102154
Beat by the Bell,Ray Rice Plays Nice,6,REGULAR_SEASON,88.28,100.22,102154
Game of Zones,Robert Woods Johnson,6,REGULAR_SEASON,127.54,112.9,102154
Robert Woods Johnson,Game of Zones,6,REGULAR_SEASON,112.9,127.54,102154
Beats by Bell,LPCP,6,REGULAR_SEASON,81.98,147.1,102154
LPCP,Beats by Bell,6,REGULAR_SEASON,147.1,81.98,102154
Muffin Lords,Beats by Bell,7,REGULAR_SEASON,103.7,134.32,102154
Beats by Bell,Muffin Lords,7,REGULAR_SEASON,134.32,103.7,102154
Ballhogs2,Ray Rice Plays Nice,7,REGULAR_SEASON,110.74,82,102154
Ray Rice Plays Nice,Ballhogs2,7,REGULAR_SEASON,82,110.74,102154
Curse Of The Rexbino,Chip Kelly,7,REGULAR_SEASON,131.72,103.98,102154
Chip Kelly,Curse Of The Rexbino,7,REGULAR_SEASON,103.98,131.72,102154
Powell for President,Robert Woods Johnson,7,REGULAR_SEASON,101.66,101.46,102154
Robert Woods Johnson,Powell for President,7,REGULAR_SEASON,101.46,101.66,102154
Game of Zones,Beat by the Bell,7,REGULAR_SEASON,79.94,87.74,102154
Beat by the Bell,Game of Zones,7,REGULAR_SEASON,87.74,79.94,102154
LPCP,It’s Always Sony,7,REGULAR_SEASON,77.2,80.18,102154
It’s Always Sony,LPCP,7,REGULAR_SEASON,80.18,77.2,102154
Muffin Lords,Curse Of The Rexbino,8,REGULAR_SEASON,114.6,124.62,102154
Curse Of The Rexbino,Muffin Lords,8,REGULAR_SEASON,124.62,114.6,102154
Ballhogs2,Game of Zones,8,REGULAR_SEASON,76.52,91.66,102154
Game of Zones,Ballhogs2,8,REGULAR_SEASON,91.66,76.52,102154
Powell for President,Beat by the Bell,8,REGULAR_SEASON,90.44,93.3,102154
Beat by the Bell,Powell for President,8,REGULAR_SEASON,93.3,90.44,102154
Ray Rice Plays Nice,Chip Kelly,8,REGULAR_SEASON,117.04,95.36,102154
Chip Kelly,Ray Rice Plays Nice,8,REGULAR_SEASON,95.36,117.04,102154
Beats by Bell,It’s Always Sony,8,REGULAR_SEASON,111.4,51,102154
It’s Always Sony,Beats by Bell,8,REGULAR_SEASON,51,111.4,102154
LPCP,Robert Woods Johnson,8,REGULAR_SEASON,120.08,95.28,102154
Robert Woods Johnson,LPCP,8,REGULAR_SEASON,95.28,120.08,102154
Muffin Lords,It’s Always Sony,9,REGULAR_SEASON,53.56,97.84,102154
It’s Always Sony,Muffin Lords,9,REGULAR_SEASON,97.84,53.56,102154
Ballhogs2,Powell for President,9,REGULAR_SEASON,66.54,111.5,102154
Powell for President,Ballhogs2,9,REGULAR_SEASON,111.5,66.54,102154
Curse Of The Rexbino,Ray Rice Plays Nice,9,REGULAR_SEASON,85.2,70.62,102154
Ray Rice Plays Nice,Curse Of The Rexbino,9,REGULAR_SEASON,70.62,85.2,102154
Game of Zones,Chip Kelly,9,REGULAR_SEASON,101.96,108.88,102154
Chip Kelly,Game of Zones,9,REGULAR_SEASON,108.88,101.96,102154
Beat by the Bell,LPCP,9,REGULAR_SEASON,106.12,93.26,102154
LPCP,Beat by the Bell,9,REGULAR_SEASON,93.26,106.12,102154
Beats by Bell,Robert Woods Johnson,9,REGULAR_SEASON,89.12,126,102154
Robert Woods Johnson,Beats by Bell,9,REGULAR_SEASON,126,89.12,102154
Muffin Lords,Ray Rice Plays Nice,10,REGULAR_SEASON,98.76,72,102154
Ray Rice Plays Nice,Muffin Lords,10,REGULAR_SEASON,72,98.76,102154
Ballhogs2,LPCP,10,REGULAR_SEASON,131.02,151.96,102154
LPCP,Ballhogs2,10,REGULAR_SEASON,151.96,131.02,102154
Curse Of The Rexbino,Game of Zones,10,REGULAR_SEASON,85.06,113.8,102154
Game of Zones,Curse Of The Rexbino,10,REGULAR_SEASON,113.8,85.06,102154
Powell for President,Chip Kelly,10,REGULAR_SEASON,122.32,70.92,102154
Chip Kelly,Powell for President,10,REGULAR_SEASON,70.92,122.32,102154
Beat by the Bell,Beats by Bell,10,REGULAR_SEASON,97.62,121.6,102154
Beats by Bell,Beat by the Bell,10,REGULAR_SEASON,121.6,97.62,102154
It’s Always Sony,Robert Woods Johnson,10,REGULAR_SEASON,113.4,96.5,102154
Robert Woods Johnson,It’s Always Sony,10,REGULAR_SEASON,96.5,113.4,102154
Muffin Lords,Robert Woods Johnson,11,REGULAR_SEASON,93.58,132.94,102154
Robert Woods Johnson,Muffin Lords,11,REGULAR_SEASON,132.94,93.58,102154
Ballhogs2,Beats by Bell,11,REGULAR_SEASON,106.72,68.62,102154
Beats by Bell,Ballhogs2,11,REGULAR_SEASON,68.62,106.72,102154
Curse Of The Rexbino,Powell for President,11,REGULAR_SEASON,110.02,85.2,102154
Powell for President,Curse Of The Rexbino,11,REGULAR_SEASON,85.2,110.02,102154
Ray Rice Plays Nice,Game of Zones,11,REGULAR_SEASON,111.74,103.58,102154
Game of Zones,Ray Rice Plays Nice,11,REGULAR_SEASON,103.58,111.74,102154
Beat by the Bell,It’s Always Sony,11,REGULAR_SEASON,95.44,121.32,102154
It’s Always Sony,Beat by the Bell,11,REGULAR_SEASON,121.32,95.44,102154
LPCP,Chip Kelly,11,REGULAR_SEASON,131.58,104.08,102154
Chip Kelly,LPCP,11,REGULAR_SEASON,104.08,131.58,102154
Muffin Lords,Game of Zones,12,REGULAR_SEASON,76.08,122.38,102154
Game of Zones,Muffin Lords,12,REGULAR_SEASON,122.38,76.08,102154
Ballhogs2,It’s Always Sony,12,REGULAR_SEASON,80.3,119.04,102154
It’s Always Sony,Ballhogs2,12,REGULAR_SEASON,119.04,80.3,102154
Curse Of The Rexbino,LPCP,12,REGULAR_SEASON,98.22,99.12,102154
LPCP,Curse Of The Rexbino,12,REGULAR_SEASON,99.12,98.22,102154
Powell for President,Ray Rice Plays Nice,12,REGULAR_SEASON,77.56,76.54,102154
Ray Rice Plays Nice,Powell for President,12,REGULAR_SEASON,76.54,77.56,102154
Beat by the Bell,Robert Woods Johnson,12,REGULAR_SEASON,98.86,94.78,102154
Robert Woods Johnson,Beat by the Bell,12,REGULAR_SEASON,94.78,98.86,102154
Beats by Bell,Chip Kelly,12,REGULAR_SEASON,107.6,82.94,102154
Chip Kelly,Beats by Bell,12,REGULAR_SEASON,82.94,107.6,102154
Muffin Lords,Beat by the Bell,13,REGULAR_SEASON,93.06,96.86,102154
Beat by the Bell,Muffin Lords,13,REGULAR_SEASON,96.86,93.06,102154
Ballhogs2,Robert Woods Johnson,13,REGULAR_SEASON,64.84,67.04,102154
Robert Woods Johnson,Ballhogs2,13,REGULAR_SEASON,67.04,64.84,102154
Curse Of The Rexbino,Beats by Bell,13,REGULAR_SEASON,114.7,103.5,102154
Beats by Bell,Curse Of The Rexbino,13,REGULAR_SEASON,103.5,114.7,102154
Powell for President,Game of Zones,13,REGULAR_SEASON,70,90.12,102154
Game of Zones,Powell for President,13,REGULAR_SEASON,90.12,70,102154
Ray Rice Plays Nice,LPCP,13,REGULAR_SEASON,62.84,87.82,102154
LPCP,Ray Rice Plays Nice,13,REGULAR_SEASON,87.82,62.84,102154
It’s Always Sony,Chip Kelly,13,REGULAR_SEASON,68.08,116.9,102154
Chip Kelly,It’s Always Sony,13,REGULAR_SEASON,116.9,68.08,102154
Muffin Lords,Ballhogs2,14,PLAYOFF,86.02,46.3,102154
Ballhogs2,Muffin Lords,14,PLAYOFF,46.3,86.02,102154
Curse Of The Rexbino,Robert Woods Johnson,14,PLAYOFF,124.08,107.68,102154
Robert Woods Johnson,Curse Of The Rexbino,14,PLAYOFF,107.68,124.08,102154
Powell for President,It’s Always Sony,14,PLAYOFF,73.08,60.44,102154
It’s Always Sony,Powell for President,14,PLAYOFF,60.44,73.08,102154
Ray Rice Plays Nice,Chip Kelly,14,PLAYOFF,95.92,57.5,102154
Chip Kelly,Ray Rice Plays Nice,14,PLAYOFF,57.5,95.92,102154
Muffin Lords,Beats by Bell,15,PLAYOFF,88.58,87.16,102154
Beats by Bell,Muffin Lords,15,PLAYOFF,87.16,88.58,102154
Ballhogs2,Chip Kelly,15,PLAYOFF,43.76,57.04,102154
Chip Kelly,Ballhogs2,15,PLAYOFF,57.04,43.76,102154
Curse Of The Rexbino,LPCP,15,PLAYOFF,66.32,80.74,102154
LPCP,Curse Of The Rexbino,15,PLAYOFF,80.74,66.32,102154
Powell for President,Game of Zones,15,PLAYOFF,71,103.7,102154
Game of Zones,Powell for President,15,PLAYOFF,103.7,71,102154
Ray Rice Plays Nice,Beat by the Bell,15,PLAYOFF,78,60.62,102154
Beat by the Bell,Ray Rice Plays Nice,15,PLAYOFF,60.62,78,102154
It’s Always Sony,Robert Woods Johnson,15,PLAYOFF,62.22,120.24,102154
Robert Woods Johnson,It’s Always Sony,15,PLAYOFF,120.24,62.22,102154
Muffin Lords,Ray Rice Plays Nice,16,PLAYOFF,60.42,59.6,102154
Ray Rice Plays Nice,Muffin Lords,16,PLAYOFF,59.6,60.42,102154
Curse Of The Rexbino,Powell for President,16,PLAYOFF,121.34,123.54,102154
Powell for President,Curse Of The Rexbino,16,PLAYOFF,123.54,121.34,102154
Game of Zones,LPCP,16,CHAMPIONSHIP,99.48,138.38,102154
LPCP,Game of Zones,16,CHAMPIONSHIP,138.38,99.48,102154
Beat by the Bell,Beats by Bell,16,PLAYOFF,69.14,86.46,102154
Beats by Bell,Beat by the Bell,16,PLAYOFF,86.46,69.14,102154
Muffin Lamars,No Moore Pissed Goff,1,REGULAR_SEASON,98.48,105.74,84229
No Moore Pissed Goff,Muffin Lamars,1,REGULAR_SEASON,105.74,98.48,84229
No Luck is Good Luck,DJ's BJ's in PJ's,1,REGULAR_SEASON,117.32,116.6,84229
DJ's BJ's in PJ's,No Luck is Good Luck,1,REGULAR_SEASON,116.6,117.32,84229
DJ Mix 'n Kittle,Game of Zones,1,REGULAR_SEASON,120.92,95.74,84229
Game of Zones,DJ Mix 'n Kittle,1,REGULAR_SEASON,95.74,120.92,84229
Let Tom Down,Kittles 'N Bits,1,REGULAR_SEASON,117.28,120.32,84229
Kittles 'N Bits,Let Tom Down,1,REGULAR_SEASON,120.32,117.28,84229
MarlonMacsMartianSac,Last Manning Standin,1,REGULAR_SEASON,107.74,131.58,84229
Last Manning Standin,MarlonMacsMartianSac,1,REGULAR_SEASON,131.58,107.74,84229
'my only hope'-cohen,Melvini Vidi Victus,1,REGULAR_SEASON,94.46,148.26,84229
Melvini Vidi Victus,'my only hope'-cohen,1,REGULAR_SEASON,148.26,94.46,84229
Muffin Lamars,Game of Zones,2,REGULAR_SEASON,104.62,100.22,84229
Game of Zones,Muffin Lamars,2,REGULAR_SEASON,100.22,104.62,84229
No Luck is Good Luck,Let Tom Down,2,REGULAR_SEASON,118.52,124.7,84229
Let Tom Down,No Luck is Good Luck,2,REGULAR_SEASON,124.7,118.52,84229
DJ Mix 'n Kittle,DJ's BJ's in PJ's,2,REGULAR_SEASON,92.9,126.46,84229
DJ's BJ's in PJ's,DJ Mix 'n Kittle,2,REGULAR_SEASON,126.46,92.9,84229
MarlonMacsMartianSac,'my only hope'-cohen,2,REGULAR_SEASON,162.16,77.62,84229
'my only hope'-cohen,MarlonMacsMartianSac,2,REGULAR_SEASON,77.62,162.16,84229
Kittles 'N Bits,Melvini Vidi Victus,2,REGULAR_SEASON,99.2,128.3,84229
Melvini Vidi Victus,Kittles 'N Bits,2,REGULAR_SEASON,128.3,99.2,84229
No Moore Pissed Goff,Last Manning Standin,2,REGULAR_SEASON,65.54,86.68,84229
Last Manning Standin,No Moore Pissed Goff,2,REGULAR_SEASON,86.68,65.54,84229
Muffin Lamars,DJ's BJ's in PJ's,3,REGULAR_SEASON,105.34,108.44,84229
DJ's BJ's in PJ's,Muffin Lamars,3,REGULAR_SEASON,108.44,105.34,84229
No Luck is Good Luck,Melvini Vidi Victus,3,REGULAR_SEASON,115.1,159.2,84229
Melvini Vidi Victus,No Luck is Good Luck,3,REGULAR_SEASON,159.2,115.1,84229
DJ Mix 'n Kittle,Let Tom Down,3,REGULAR_SEASON,110.82,108.82,84229
Let Tom Down,DJ Mix 'n Kittle,3,REGULAR_SEASON,108.82,110.82,84229
MarlonMacsMartianSac,No Moore Pissed Goff,3,REGULAR_SEASON,151.72,109.26,84229
No Moore Pissed Goff,MarlonMacsMartianSac,3,REGULAR_SEASON,109.26,151.72,84229
Kittles 'N Bits,'my only hope'-cohen,3,REGULAR_SEASON,111.86,145.42,84229
'my only hope'-cohen,Kittles 'N Bits,3,REGULAR_SEASON,145.42,111.86,84229
Game of Zones,Last Manning Standin,3,REGULAR_SEASON,98.18,140.38,84229
Last Manning Standin,Game of Zones,3,REGULAR_SEASON,140.38,98.18,84229
Muffin Lamars,Let Tom Down,4,REGULAR_SEASON,96.62,58.2,84229
Let Tom Down,Muffin Lamars,4,REGULAR_SEASON,58.2,96.62,84229
No Luck is Good Luck,'my only hope'-cohen,4,REGULAR_SEASON,137.88,121.28,84229
'my only hope'-cohen,No Luck is Good Luck,4,REGULAR_SEASON,121.28,137.88,84229
DJ Mix 'n Kittle,Melvini Vidi Victus,4,REGULAR_SEASON,110.64,120.78,84229
Melvini Vidi Victus,DJ Mix 'n Kittle,4,REGULAR_SEASON,120.78,110.64,84229
MarlonMacsMartianSac,Kittles 'N Bits,4,REGULAR_SEASON,104,114.3,84229
Kittles 'N Bits,MarlonMacsMartianSac,4,REGULAR_SEASON,114.3,104,84229
Game of Zones,No Moore Pissed Goff,4,REGULAR_SEASON,95.38,91.56,84229
No Moore Pissed Goff,Game of Zones,4,REGULAR_SEASON,91.56,95.38,84229
Last Manning Standin,DJ's BJ's in PJ's,4,REGULAR_SEASON,101.1,79.1,84229
DJ's BJ's in PJ's,Last Manning Standin,4,REGULAR_SEASON,79.1,101.1,84229
Muffin Lamars,Melvini Vidi Victus,5,REGULAR_SEASON,114.34,109.42,84229
Melvini Vidi Victus,Muffin Lamars,5,REGULAR_SEASON,109.42,114.34,84229
No Luck is Good Luck,Kittles 'N Bits,5,REGULAR_SEASON,157.96,122.62,84229
Kittles 'N Bits,No Luck is Good Luck,5,REGULAR_SEASON,122.62,157.96,84229
DJ Mix 'n Kittle,'my only hope'-cohen,5,REGULAR_SEASON,120.16,88.76,84229
'my only hope'-cohen,DJ Mix 'n Kittle,5,REGULAR_SEASON,88.76,120.16,84229
Let Tom Down,Last Manning Standin,5,REGULAR_SEASON,162.16,123.38,84229
Last Manning Standin,Let Tom Down,5,REGULAR_SEASON,123.38,162.16,84229
MarlonMacsMartianSac,Game of Zones,5,REGULAR_SEASON,136.5,96.6,84229
Game of Zones,MarlonMacsMartianSac,5,REGULAR_SEASON,96.6,136.5,84229
No Moore Pissed Goff,DJ's BJ's in PJ's,5,REGULAR_SEASON,133.26,106.22,84229
DJ's BJ's in PJ's,No Moore Pissed Goff,5,REGULAR_SEASON,106.22,133.26,84229
Muffin Lamars,'my only hope'-cohen,6,REGULAR_SEASON,130.26,109.82,84229
'my only hope'-cohen,Muffin Lamars,6,REGULAR_SEASON,109.82,130.26,84229
No Luck is Good Luck,MarlonMacsMartianSac,6,REGULAR_SEASON,89.52,144.36,84229
MarlonMacsMartianSac,No Luck is Good Luck,6,REGULAR_SEASON,144.36,89.52,84229
DJ Mix 'n Kittle,Kittles 'N Bits,6,REGULAR_SEASON,115.4,86.12,84229
Kittles 'N Bits,DJ Mix 'n Kittle,6,REGULAR_SEASON,86.12,115.4,84229
Let Tom Down,No Moore Pissed Goff,6,REGULAR_SEASON,123.78,125.82,84229
No Moore Pissed Goff,Let Tom Down,6,REGULAR_SEASON,125.82,123.78,84229
Game of Zones,DJ's BJ's in PJ's,6,REGULAR_SEASON,58.52,117.68,84229
DJ's BJ's in PJ's,Game of Zones,6,REGULAR_SEASON,117.68,58.52,84229
Last Manning Standin,Melvini Vidi Victus,6,REGULAR_SEASON,73.68,139.14,84229
Melvini Vidi Victus,Last Manning Standin,6,REGULAR_SEASON,139.14,73.68,84229
Muffin Lamars,Kittles 'N Bits,7,REGULAR_SEASON,173.84,121.32,84229
Kittles 'N Bits,Muffin Lamars,7,REGULAR_SEASON,121.32,173.84,84229
No Luck is Good Luck,DJ Mix 'n Kittle,7,REGULAR_SEASON,120.5,88.3,84229
DJ Mix 'n Kittle,No Luck is Good Luck,7,REGULAR_SEASON,88.3,120.5,84229
Let Tom Down,Game of Zones,7,REGULAR_SEASON,97.3,79.72,84229
Game of Zones,Let Tom Down,7,REGULAR_SEASON,79.72,97.3,84229
MarlonMacsMartianSac,DJ's BJ's in PJ's,7,REGULAR_SEASON,79.58,87.54,84229
DJ's BJ's in PJ's,MarlonMacsMartianSac,7,REGULAR_SEASON,87.54,79.58,84229
No Moore Pissed Goff,Melvini Vidi Victus,7,REGULAR_SEASON,126.56,77.8,84229
Melvini Vidi Victus,No Moore Pissed Goff,7,REGULAR_SEASON,77.8,126.56,84229
'my only hope'-cohen,Last Manning Standin,7,REGULAR_SEASON,124.72,88.18,84229
Last Manning Standin,'my only hope'-cohen,7,REGULAR_SEASON,88.18,124.72,84229
Muffin Lamars,No Luck is Good Luck,8,REGULAR_SEASON,120.36,141.68,84229
No Luck is Good Luck,Muffin Lamars,8,REGULAR_SEASON,141.68,120.36,84229
DJ Mix 'n Kittle,MarlonMacsMartianSac,8,REGULAR_SEASON,92.78,116.26,84229
MarlonMacsMartianSac,DJ Mix 'n Kittle,8,REGULAR_SEASON,116.26,92.78,84229
Let Tom Down,DJ's BJ's in PJ's,8,REGULAR_SEASON,130.96,96.96,84229
DJ's BJ's in PJ's,Let Tom Down,8,REGULAR_SEASON,96.96,130.96,84229
Kittles 'N Bits,Last Manning Standin,8,REGULAR_SEASON,127,130.34,84229
Last Manning Standin,Kittles 'N Bits,8,REGULAR_SEASON,130.34,127,84229
Game of Zones,Melvini Vidi Victus,8,REGULAR_SEASON,134.7,105.78,84229
Melvini Vidi Victus,Game of Zones,8,REGULAR_SEASON,105.78,134.7,84229
No Moore Pissed Goff,'my only hope'-cohen,8,REGULAR_SEASON,139.1,123.34,84229
'my only hope'-cohen,No Moore Pissed Goff,8,REGULAR_SEASON,123.34,139.1,84229
Muffin Lamars,DJ Mix 'n Kittle,9,REGULAR_SEASON,95.02,98,84229
DJ Mix 'n Kittle,Muffin Lamars,9,REGULAR_SEASON,98,95.02,84229
No Luck is Good Luck,Last Manning Standin,9,REGULAR_SEASON,96.18,155.96,84229
Last Manning Standin,No Luck is Good Luck,9,REGULAR_SEASON,155.96,96.18,84229
Let Tom Down,MarlonMacsMartianSac,9,REGULAR_SEASON,94.68,93.66,84229
MarlonMacsMartianSac,Let Tom Down,9,REGULAR_SEASON,93.66,94.68,84229
Kittles 'N Bits,No Moore Pissed Goff,9,REGULAR_SEASON,121.46,92.8,84229
No Moore Pissed Goff,Kittles 'N Bits,9,REGULAR_SEASON,92.8,121.46,84229
Game of Zones,'my only hope'-cohen,9,REGULAR_SEASON,87.54,100.9,84229
'my only hope'-cohen,Game of Zones,9,REGULAR_SEASON,100.9,87.54,84229
Melvini Vidi Victus,DJ's BJ's in PJ's,9,REGULAR_SEASON,162.68,118.6,84229
DJ's BJ's in PJ's,Melvini Vidi Victus,9,REGULAR_SEASON,118.6,162.68,84229
Muffin Lamars,MarlonMacsMartianSac,10,REGULAR_SEASON,116.42,100.7,84229
MarlonMacsMartianSac,Muffin Lamars,10,REGULAR_SEASON,100.7,116.42,84229
No Luck is Good Luck,No Moore Pissed Goff,10,REGULAR_SEASON,156.94,82.1,84229
No Moore Pissed Goff,No Luck is Good Luck,10,REGULAR_SEASON,82.1,156.94,84229
DJ Mix 'n Kittle,Last Manning Standin,10,REGULAR_SEASON,102.66,99.06,84229
Last Manning Standin,DJ Mix 'n Kittle,10,REGULAR_SEASON,99.06,102.66,84229
Let Tom Down,Melvini Vidi Victus,10,REGULAR_SEASON,111.82,129,84229
Melvini Vidi Victus,Let Tom Down,10,REGULAR_SEASON,129,111.82,84229
Kittles 'N Bits,Game of Zones,10,REGULAR_SEASON,105.14,113.52,84229
Game of Zones,Kittles 'N Bits,10,REGULAR_SEASON,113.52,105.14,84229
'my only hope'-cohen,DJ's BJ's in PJ's,10,REGULAR_SEASON,124.1,102.2,84229
DJ's BJ's in PJ's,'my only hope'-cohen,10,REGULAR_SEASON,102.2,124.1,84229
Muffin Lamars,Last Manning Standin,11,REGULAR_SEASON,148.04,93.22,84229
Last Manning Standin,Muffin Lamars,11,REGULAR_SEASON,93.22,148.04,84229
No Luck is Good Luck,Game of Zones,11,REGULAR_SEASON,76.2,97.88,84229
Game of Zones,No Luck is Good Luck,11,REGULAR_SEASON,97.88,76.2,84229
DJ Mix 'n Kittle,No Moore Pissed Goff,11,REGULAR_SEASON,113.82,71.52,84229
No Moore Pissed Goff,DJ Mix 'n Kittle,11,REGULAR_SEASON,71.52,113.82,84229
Let Tom Down,'my only hope'-cohen,11,REGULAR_SEASON,121.9,69.22,84229
'my only hope'-cohen,Let Tom Down,11,REGULAR_SEASON,69.22,121.9,84229
MarlonMacsMartianSac,Melvini Vidi Victus,11,REGULAR_SEASON,140.14,102.32,84229
Melvini Vidi Victus,MarlonMacsMartianSac,11,REGULAR_SEASON,102.32,140.14,84229
Kittles 'N Bits,DJ's BJ's in PJ's,11,REGULAR_SEASON,77.32,115.38,84229
DJ's BJ's in PJ's,Kittles 'N Bits,11,REGULAR_SEASON,115.38,77.32,84229
Muffin Lamars,No Moore Pissed Goff,12,REGULAR_SEASON,123.04,122.22,84229
No Moore Pissed Goff,Muffin Lamars,12,REGULAR_SEASON,122.22,123.04,84229
No Luck is Good Luck,DJ's BJ's in PJ's,12,REGULAR_SEASON,93.8,88.56,84229
DJ's BJ's in PJ's,No Luck is Good Luck,12,REGULAR_SEASON,88.56,93.8,84229
DJ Mix 'n Kittle,Game of Zones,12,REGULAR_SEASON,136.86,112.2,84229
Game of Zones,DJ Mix 'n Kittle,12,REGULAR_SEASON,112.2,136.86,84229
Let Tom Down,Kittles 'N Bits,12,REGULAR_SEASON,94.22,105.12,84229
Kittles 'N Bits,Let Tom Down,12,REGULAR_SEASON,105.12,94.22,84229
MarlonMacsMartianSac,Last Manning Standin,12,REGULAR_SEASON,57.02,132.78,84229
Last Manning Standin,MarlonMacsMartianSac,12,REGULAR_SEASON,132.78,57.02,84229
'my only hope'-cohen,Melvini Vidi Victus,12,REGULAR_SEASON,81.64,104.44,84229
Melvini Vidi Victus,'my only hope'-cohen,12,REGULAR_SEASON,104.44,81.64,84229
Muffin Lamars,Game of Zones,13,REGULAR_SEASON,123.86,93.5,84229
Game of Zones,Muffin Lamars,13,REGULAR_SEASON,93.5,123.86,84229
No Luck is Good Luck,Let Tom Down,13,REGULAR_SEASON,81.58,125.74,84229
Let Tom Down,No Luck is Good Luck,13,REGULAR_SEASON,125.74,81.58,84229
DJ Mix 'n Kittle,DJ's BJ's in PJ's,13,REGULAR_SEASON,115.48,106.14,84229
DJ's BJ's in PJ's,DJ Mix 'n Kittle,13,REGULAR_SEASON,106.14,115.48,84229
MarlonMacsMartianSac,'my only hope'-cohen,13,REGULAR_SEASON,100.2,108.82,84229
'my only hope'-cohen,MarlonMacsMartianSac,13,REGULAR_SEASON,108.82,100.2,84229
Kittles 'N Bits,Melvini Vidi Victus,13,REGULAR_SEASON,115.92,107.98,84229
Melvini Vidi Victus,Kittles 'N Bits,13,REGULAR_SEASON,107.98,115.92,84229
No Moore Pissed Goff,Last Manning Standin,13,REGULAR_SEASON,87.82,146.12,84229
Last Manning Standin,No Moore Pissed Goff,13,REGULAR_SEASON,146.12,87.82,84229
No Luck is Good Luck,Last Manning Standin,14,PLAYOFF,145.32,159.36,84229
Last Manning Standin,No Luck is Good Luck,14,PLAYOFF,159.36,145.32,84229
Let Tom Down,Melvini Vidi Victus,14,PLAYOFF,129.42,110.62,84229
Melvini Vidi Victus,Let Tom Down,14,PLAYOFF,110.62,129.42,84229
Game of Zones,'my only hope'-cohen,14,PLAYOFF,98.64,101.46,84229
'my only hope'-cohen,Game of Zones,14,PLAYOFF,101.46,98.64,84229
No Moore Pissed Goff,DJ's BJ's in PJ's,14,PLAYOFF,144.78,80.64,84229
DJ's BJ's in PJ's,No Moore Pissed Goff,14,PLAYOFF,80.64,144.78,84229
Muffin Lamars,Last Manning Standin,15,PLAYOFF,146.06,95.78,84229
Last Manning Standin,Muffin Lamars,15,PLAYOFF,95.78,146.06,84229
No Luck is Good Luck,Melvini Vidi Victus,15,PLAYOFF,115.38,122.84,84229
Melvini Vidi Victus,No Luck is Good Luck,15,PLAYOFF,122.84,115.38,84229
DJ Mix 'n Kittle,Let Tom Down,15,PLAYOFF,127.06,134.92,84229
Let Tom Down,DJ Mix 'n Kittle,15,PLAYOFF,134.92,127.06,84229
MarlonMacsMartianSac,No Moore Pissed Goff,15,PLAYOFF,131.84,108.46,84229
No Moore Pissed Goff,MarlonMacsMartianSac,15,PLAYOFF,108.46,131.84,84229
Kittles 'N Bits,'my only hope'-cohen,15,PLAYOFF,83.02,80.5,84229
'my only hope'-cohen,Kittles 'N Bits,15,PLAYOFF,80.5,83.02,84229
Game of Zones,DJ's BJ's in PJ's,15,PLAYOFF,115.38,90.56,84229
DJ's BJ's in PJ's,Game of Zones,15,PLAYOFF,90.56,115.38,84229
Muffin Lamars,Let Tom Down,16,CHAMPIONSHIP,125.4,106.56,84229
Let Tom Down,Muffin Lamars,16,CHAMPIONSHIP,106.56,125.4,84229
DJ Mix 'n Kittle,Last Manning Standin,16,PLAYOFF,86.48,100.84,84229
Last Manning Standin,DJ Mix 'n Kittle,16,PLAYOFF,100.84,86.48,84229
MarlonMacsMartianSac,Kittles 'N Bits,16,PLAYOFF,126.6,58.8,84229
Kittles 'N Bits,MarlonMacsMartianSac,16,PLAYOFF,58.8,126.6,84229
No Moore Pissed Goff,'my only hope'-cohen,16,PLAYOFF,106.08,69.3,84229
'my only hope'-cohen,No Moore Pissed Goff,16,PLAYOFF,69.3,106.08,84229